{"type":"FeatureCollection","features":[{"type":"Feature","properties":{"id":677,"mag":2.07,"name":"Alpheratz"},"geometry":{"type":"Point","coordinates":[2.0969,29.0904]}},{"type":"Feature","properties":{"id":746,"mag":2.28,"name":"Caph"},"geometry":{"type":"Point","coordinates":[2.2945,59.1498]}},{"type":"Feature","properties":{"id":765,"mag":3.88,"name":"ε Phe"},"geometry":{"type":"Point","coordinates":[2.3527,-45.7474]}},{"type":"Feature","properties":{"id":1067,"mag":2.83,"name":"Algenib"},"geometry":{"type":"Point","coordinates":[3.309,15.1836]}},{"type":"Feature","properties":{"id":1562,"mag":3.56,"name":"Deneb Kaitos"},"geometry":{"type":"Point","coordinates":[4.857,-8.8239]}},{"type":"Feature","properties":{"id":1599,"mag":4.23,"name":"ζ Tuc"},"geometry":{"type":"Point","coordinates":[5.0178,-64.8748]}},{"type":"Feature","properties":{"id":2021,"mag":2.82,"name":"β Hyi"},"geometry":{"type":"Point","coordinates":[6.4378,-77.2542]}},{"type":"Feature","properties":{"id":2081,"mag":2.4,"name":"Ankaa"},"geometry":{"type":"Point","coordinates":[6.571,-42.306]}},{"type":"Feature","properties":{"id":2484,"mag":4.36,"name":"β1 Tuc"},"geometry":{"type":"Point","coordinates":[7.8861,-62.9582]}},{"type":"Feature","properties":{"id":2912,"mag":4.34,"name":"π And"},"geometry":{"type":"Point","coordinates":[9.2202,33.7193]}},{"type":"Feature","properties":{"id":3031,"mag":4.34,"name":"ε And"},"geometry":{"type":"Point","coordinates":[9.6389,29.3118]}},{"type":"Feature","properties":{"id":3092,"mag":3.27,"name":"δ And"},"geometry":{"type":"Point","coordinates":[9.832,30.861]}},{"type":"Feature","properties":{"id":3179,"mag":2.24,"name":"Schedar"},"geometry":{"type":"Point","coordinates":[10.1268,56.5373]}},{"type":"Feature","properties":{"id":3419,"mag":2.04,"name":"Diphda"},"geometry":{"type":"Point","coordinates":[10.8974,-17.9866]}},{"type":"Feature","properties":{"id":3693,"mag":4.08,"name":"ζ And"},"geometry":{"type":"Point","coordinates":[11.8347,24.2672]}},{"type":"Feature","properties":{"id":3786,"mag":4.44,"name":"Linteum"},"geometry":{"type":"Point","coordinates":[12.1706,7.5851]}},{"type":"Feature","properties":{"id":3881,"mag":4.53,"name":"ν And"},"geometry":{"type":"Point","coordinates":[12.4535,41.0789]}},{"type":"Feature","properties":{"id":4427,"mag":2.15,"name":"Tsih"},"geometry":{"type":"Point","coordinates":[14.1772,60.7167]}},{"type":"Feature","properties":{"id":4436,"mag":3.86,"name":"μ And"},"geometry":{"type":"Point","coordinates":[14.1884,38.4993]}},{"type":"Feature","properties":{"id":4463,"mag":4.4,"name":"η And"},"geometry":{"type":"Point","coordinates":[14.3017,23.4176]}},{"type":"Feature","properties":{"id":4577,"mag":4.3,"name":"α Scl"},"geometry":{"type":"Point","coordinates":[14.6515,-29.3574]}},{"type":"Feature","properties":{"id":4906,"mag":4.27,"name":"Kaht"},"geometry":{"type":"Point","coordinates":[15.7359,7.8901]}},{"type":"Feature","properties":{"id":5165,"mag":3.32,"name":"β Phe"},"geometry":{"type":"Point","coordinates":[16.521,-46.7184]}},{"type":"Feature","properties":{"id":5348,"mag":3.94,"name":"Wurren"},"geometry":{"type":"Point","coordinates":[17.0962,-55.2458]}},{"type":"Feature","properties":{"id":5364,"mag":3.46,"name":"Deneb Algenubi"},"geometry":{"type":"Point","coordinates":[17.1475,-10.1823]}},{"type":"Feature","properties":{"id":5434,"mag":4.26,"name":"φ And"},"geometry":{"type":"Point","coordinates":[17.3755,47.2418]}},{"type":"Feature","properties":{"id":5447,"mag":2.07,"name":"Mirach"},"geometry":{"type":"Point","coordinates":[17.433,35.6206]}},{"type":"Feature","properties":{"id":5571,"mag":4.66,"name":"χ Psc"},"geometry":{"type":"Point","coordinates":[17.8634,21.0347]}},{"type":"Feature","properties":{"id":5586,"mag":4.51,"name":"Anunitum"},"geometry":{"type":"Point","coordinates":[17.9152,30.0896]}},{"type":"Feature","properties":{"id":5737,"mag":5.21,"name":"Revati"},"geometry":{"type":"Point","coordinates":[18.4329,7.5754]}},{"type":"Feature","properties":{"id":5742,"mag":4.67,"name":"φ Psc"},"geometry":{"type":"Point","coordinates":[18.4373,24.5837]}},{"type":"Feature","properties":{"id":6193,"mag":4.74,"name":"υ Psc"},"geometry":{"type":"Point","coordinates":[19.8666,27.2641]}},{"type":"Feature","properties":{"id":6537,"mag":3.6,"name":"Altawk"},"geometry":{"type":"Point","coordinates":[21.0059,-8.1833]}},{"type":"Feature","properties":{"id":6686,"mag":2.66,"name":"Ruchbah"},"geometry":{"type":"Point","coordinates":[21.454,60.2353]}},{"type":"Feature","properties":{"id":6867,"mag":3.41,"name":"γ Phe"},"geometry":{"type":"Point","coordinates":[22.0914,-43.3182]}},{"type":"Feature","properties":{"id":7007,"mag":4.84,"name":"μ Psc"},"geometry":{"type":"Point","coordinates":[22.5463,6.1438]}},{"type":"Feature","properties":{"id":7083,"mag":3.93,"name":"δ Phe"},"geometry":{"type":"Point","coordinates":[22.8129,-49.0727]}},{"type":"Feature","properties":{"id":7097,"mag":3.62,"name":"Al Pherg"},"geometry":{"type":"Point","coordinates":[22.8709,15.3458]}},{"type":"Feature","properties":{"id":7588,"mag":0.45,"name":"Achernar"},"geometry":{"type":"Point","coordinates":[24.4285,-57.2368]}},{"type":"Feature","properties":{"id":7607,"mag":3.59,"name":"Nembus"},"geometry":{"type":"Point","coordinates":[24.4982,48.6282]}},{"type":"Feature","properties":{"id":7884,"mag":4.45,"name":"ν Psc"},"geometry":{"type":"Point","coordinates":[25.3579,5.4876]}},{"type":"Feature","properties":{"id":8068,"mag":4.01,"name":"φ Per"},"geometry":{"type":"Point","coordinates":[25.9152,50.6887]}},{"type":"Feature","properties":{"id":8102,"mag":3.49,"name":"τ Cet"},"geometry":{"type":"Point","coordinates":[26.017,-15.9375]}},{"type":"Feature","properties":{"id":8198,"mag":4.26,"name":"Torcularis Septentrionalis"},"geometry":{"type":"Point","coordinates":[26.3485,9.1577]}},{"type":"Feature","properties":{"id":8645,"mag":3.74,"name":"Baten Kaitos"},"geometry":{"type":"Point","coordinates":[27.8651,-10.335]}},{"type":"Feature","properties":{"id":8796,"mag":3.42,"name":"Ras Mutallah"},"geometry":{"type":"Point","coordinates":[28.2704,29.5788]}},{"type":"Feature","properties":{"id":8832,"mag":3.88,"name":"Mesarthim"},"geometry":{"type":"Point","coordinates":[28.3826,19.2939]}},{"type":"Feature","properties":{"id":8833,"mag":4.61,"name":"ξ Psc"},"geometry":{"type":"Point","coordinates":[28.389,3.1875]}},{"type":"Feature","properties":{"id":8886,"mag":3.35,"name":"Segin"},"geometry":{"type":"Point","coordinates":[28.5989,63.6701]}},{"type":"Feature","properties":{"id":8903,"mag":2.64,"name":"Sheratan"},"geometry":{"type":"Point","coordinates":[28.66,20.808]}},{"type":"Feature","properties":{"id":8928,"mag":4.68,"name":"η2 Hyi"},"geometry":{"type":"Point","coordinates":[28.7339,-67.6473]}},{"type":"Feature","properties":{"id":9007,"mag":3.69,"name":"χ Eri"},"geometry":{"type":"Point","coordinates":[28.9895,-51.6089]}},{"type":"Feature","properties":{"id":9236,"mag":2.86,"name":"α Hyi"},"geometry":{"type":"Point","coordinates":[29.6925,-61.5699]}},{"type":"Feature","properties":{"id":9487,"mag":3.82,"name":"Alrischa"},"geometry":{"type":"Point","coordinates":[30.5118,2.7638]}},{"type":"Feature","properties":{"id":9640,"mag":2.1,"name":"Almach"},"geometry":{"type":"Point","coordinates":[30.9748,42.3297]}},{"type":"Feature","properties":{"id":9677,"mag":4.68,"name":"ν For"},"geometry":{"type":"Point","coordinates":[31.1227,-29.2968]}},{"type":"Feature","properties":{"id":9884,"mag":2.01,"name":"Hamal"},"geometry":{"type":"Point","coordinates":[31.7934,23.4624]}},{"type":"Feature","properties":{"id":10064,"mag":3,"name":"Mizan"},"geometry":{"type":"Point","coordinates":[32.3859,34.9873]}},{"type":"Feature","properties":{"id":10602,"mag":3.56,"name":"φ Eri"},"geometry":{"type":"Point","coordinates":[34.1274,-51.5122]}},{"type":"Feature","properties":{"id":10670,"mag":4.03,"name":"γ Tri"},"geometry":{"type":"Point","coordinates":[34.3286,33.8472]}},{"type":"Feature","properties":{"id":10826,"mag":6.47,"name":"Mira"},"geometry":{"type":"Point","coordinates":[34.8366,-2.9776]}},{"type":"Feature","properties":{"id":11001,"mag":4.08,"name":"δ Hyi"},"geometry":{"type":"Point","coordinates":[35.4373,-68.6594]}},{"type":"Feature","properties":{"id":11407,"mag":4.24,"name":"κ Eri"},"geometry":{"type":"Point","coordinates":[36.7463,-47.7038]}},{"type":"Feature","properties":{"id":11484,"mag":4.3,"name":"ξ2 Cet"},"geometry":{"type":"Point","coordinates":[37.0398,8.4601]}},{"type":"Feature","properties":{"id":11767,"mag":1.97,"name":"Polaris"},"geometry":{"type":"Point","coordinates":[37.9545,89.2641]}},{"type":"Feature","properties":{"id":12093,"mag":4.87,"name":"ν Cet"},"geometry":{"type":"Point","coordinates":[38.9686,5.5932]}},{"type":"Feature","properties":{"id":12225,"mag":5.3,"name":"η Hor"},"geometry":{"type":"Point","coordinates":[39.3515,-52.5431]}},{"type":"Feature","properties":{"id":12387,"mag":4.08,"name":"Phycochroma"},"geometry":{"type":"Point","coordinates":[39.8707,0.3285]}},{"type":"Feature","properties":{"id":12394,"mag":4.12,"name":"ε Hyi"},"geometry":{"type":"Point","coordinates":[39.8973,-68.2669]}},{"type":"Feature","properties":{"id":12484,"mag":5.21,"name":"ζ Hor"},"geometry":{"type":"Point","coordinates":[40.1651,-54.5499]}},{"type":"Feature","properties":{"id":12486,"mag":4.11,"name":"ι Eri"},"geometry":{"type":"Point","coordinates":[40.1668,-39.8554]}},{"type":"Feature","properties":{"id":12653,"mag":5.4,"name":"ι Hor"},"geometry":{"type":"Point","coordinates":[40.6394,-50.8003]}},{"type":"Feature","properties":{"id":12706,"mag":3.47,"name":"Kaffaljidhma"},"geometry":{"type":"Point","coordinates":[40.8252,3.2358]}},{"type":"Feature","properties":{"id":12770,"mag":4.24,"name":"Al Sadr al Ketus"},"geometry":{"type":"Point","coordinates":[41.0306,-13.8587]}},{"type":"Feature","properties":{"id":12777,"mag":4.1,"name":"θ Per"},"geometry":{"type":"Point","coordinates":[41.0499,49.2284]}},{"type":"Feature","properties":{"id":12828,"mag":4.27,"name":"μ Cet"},"geometry":{"type":"Point","coordinates":[41.2356,10.1141]}},{"type":"Feature","properties":{"id":12843,"mag":4.47,"name":"τ1 Eri"},"geometry":{"type":"Point","coordinates":[41.2758,-18.5726]}},{"type":"Feature","properties":{"id":13147,"mag":4.45,"name":"β For"},"geometry":{"type":"Point","coordinates":[42.2726,-32.4059]}},{"type":"Feature","properties":{"id":13209,"mag":3.61,"name":"Bharani"},"geometry":{"type":"Point","coordinates":[42.496,27.2605]}},{"type":"Feature","properties":{"id":13268,"mag":3.77,"name":"Miram"},"geometry":{"type":"Point","coordinates":[42.6742,55.8955]}},{"type":"Feature","properties":{"id":13531,"mag":3.93,"name":"τ Per"},"geometry":{"type":"Point","coordinates":[43.5644,52.7625]}},{"type":"Feature","properties":{"id":13701,"mag":3.89,"name":"Azha"},"geometry":{"type":"Point","coordinates":[44.1069,-8.8981]}},{"type":"Feature","properties":{"id":13847,"mag":2.88,"name":"Acamar"},"geometry":{"type":"Point","coordinates":[44.5653,-40.3047]}},{"type":"Feature","properties":{"id":13879,"mag":4.68,"name":"Gorgona Secunda"},"geometry":{"type":"Point","coordinates":[44.6903,39.6627]}},{"type":"Feature","properties":{"id":13884,"mag":4.98,"name":"β Hor"},"geometry":{"type":"Point","coordinates":[44.6992,-64.0713]}},{"type":"Feature","properties":{"id":13949,"mag":5.89,"name":"HIP 13949"},"geometry":{"type":"Point","coordinates":[44.9162,41.0329]}},{"type":"Feature","properties":{"id":13954,"mag":4.71,"name":"Menkar"},"geometry":{"type":"Point","coordinates":[44.9288,8.9074]}},{"type":"Feature","properties":{"id":14135,"mag":2.54,"name":"Menkar"},"geometry":{"type":"Point","coordinates":[45.5699,4.0897]}},{"type":"Feature","properties":{"id":14146,"mag":4.08,"name":"τ3 Eri"},"geometry":{"type":"Point","coordinates":[45.5979,-23.6245]}},{"type":"Feature","properties":{"id":14240,"mag":5.12,"name":"μ Hor"},"geometry":{"type":"Point","coordinates":[45.9034,-59.7378]}},{"type":"Feature","properties":{"id":14328,"mag":2.91,"name":"γ Per"},"geometry":{"type":"Point","coordinates":[46.1991,53.5064]}},{"type":"Feature","properties":{"id":14354,"mag":3.32,"name":"Gorgona Tertia"},"geometry":{"type":"Point","coordinates":[46.2941,38.8403]}},{"type":"Feature","properties":{"id":14576,"mag":2.09,"name":"Algol"},"geometry":{"type":"Point","coordinates":[47.0422,40.9556]}},{"type":"Feature","properties":{"id":14632,"mag":4.05,"name":"ι Per"},"geometry":{"type":"Point","coordinates":[47.2667,49.6133]}},{"type":"Feature","properties":{"id":14668,"mag":3.79,"name":"Misam"},"geometry":{"type":"Point","coordinates":[47.374,44.8575]}},{"type":"Feature","properties":{"id":14817,"mag":4.61,"name":"Gorgona Quatra"},"geometry":{"type":"Point","coordinates":[47.8224,39.6116]}},{"type":"Feature","properties":{"id":14879,"mag":3.8,"name":"Fornacis"},"geometry":{"type":"Point","coordinates":[48.0189,-28.9876]}},{"type":"Feature","properties":{"id":15474,"mag":3.7,"name":"Angetenar"},"geometry":{"type":"Point","coordinates":[49.8792,-21.7579]}},{"type":"Feature","properties":{"id":15510,"mag":4.26,"name":"e Eri"},"geometry":{"type":"Point","coordinates":[49.9819,-43.0698]}},{"type":"Feature","properties":{"id":15863,"mag":1.79,"name":"Mirfak"},"geometry":{"type":"Point","coordinates":[51.0807,49.8612]}},{"type":"Feature","properties":{"id":15900,"mag":3.61,"name":"Atirsagne"},"geometry":{"type":"Point","coordinates":[51.2033,9.0289]}},{"type":"Feature","properties":{"id":16083,"mag":3.73,"name":"Ushakaron"},"geometry":{"type":"Point","coordinates":[51.7923,9.7327]}},{"type":"Feature","properties":{"id":16228,"mag":4.21,"name":"CS Cam"},"geometry":{"type":"Point","coordinates":[52.2672,59.9403]}},{"type":"Feature","properties":{"id":16537,"mag":3.72,"name":"Ran"},"geometry":{"type":"Point","coordinates":[53.2327,-9.4583]}},{"type":"Feature","properties":{"id":16611,"mag":4.26,"name":"τ5 Eri"},"geometry":{"type":"Point","coordinates":[53.447,-21.6329]}},{"type":"Feature","properties":{"id":16826,"mag":4.32,"name":"ψ Per"},"geometry":{"type":"Point","coordinates":[54.1224,48.1926]}},{"type":"Feature","properties":{"id":16852,"mag":4.29,"name":"10 Tau"},"geometry":{"type":"Point","coordinates":[54.2183,0.4017]}},{"type":"Feature","properties":{"id":16870,"mag":4.57,"name":"y Eri"},"geometry":{"type":"Point","coordinates":[54.2737,-40.2745]}},{"type":"Feature","properties":{"id":17358,"mag":3.01,"name":"δ Per"},"geometry":{"type":"Point","coordinates":[55.7313,47.7876]}},{"type":"Feature","properties":{"id":17378,"mag":3.52,"name":"Rana"},"geometry":{"type":"Point","coordinates":[55.8121,-9.7634]}},{"type":"Feature","properties":{"id":17440,"mag":3.84,"name":"β Ret"},"geometry":{"type":"Point","coordinates":[56.0499,-64.8069]}},{"type":"Feature","properties":{"id":17448,"mag":3.84,"name":"Atik"},"geometry":{"type":"Point","coordinates":[56.0797,32.2882]}},{"type":"Feature","properties":{"id":17529,"mag":3.77,"name":"ν Per"},"geometry":{"type":"Point","coordinates":[56.2985,42.5785]}},{"type":"Feature","properties":{"id":17593,"mag":4.43,"name":"π Eri"},"geometry":{"type":"Point","coordinates":[56.5356,-12.1016]}},{"type":"Feature","properties":{"id":17651,"mag":4.22,"name":"τ6 Eri"},"geometry":{"type":"Point","coordinates":[56.712,-23.2497]}},{"type":"Feature","properties":{"id":17678,"mag":3.26,"name":"γ Hyi"},"geometry":{"type":"Point","coordinates":[56.8098,-74.239]}},{"type":"Feature","properties":{"id":17874,"mag":4.17,"name":"g Eri"},"geometry":{"type":"Point","coordinates":[57.3635,-36.2003]}},{"type":"Feature","properties":{"id":17884,"mag":4.39,"name":"BE Cam"},"geometry":{"type":"Point","coordinates":[57.3803,65.526]}},{"type":"Feature","properties":{"id":17959,"mag":4.59,"name":"γ Cam"},"geometry":{"type":"Point","coordinates":[57.5896,71.3323]}},{"type":"Feature","properties":{"id":18246,"mag":2.84,"name":"Atik"},"geometry":{"type":"Point","coordinates":[58.533,31.8836]}},{"type":"Feature","properties":{"id":18532,"mag":2.9,"name":"ε Per"},"geometry":{"type":"Point","coordinates":[59.4635,40.0102]}},{"type":"Feature","properties":{"id":18543,"mag":2.97,"name":"Zaurak"},"geometry":{"type":"Point","coordinates":[59.5074,-13.5085]}},{"type":"Feature","properties":{"id":18597,"mag":4.56,"name":"δ Ret"},"geometry":{"type":"Point","coordinates":[59.6865,-61.4002]}},{"type":"Feature","properties":{"id":18614,"mag":3.98,"name":"Menkib"},"geometry":{"type":"Point","coordinates":[59.7413,35.791]}},{"type":"Feature","properties":{"id":18724,"mag":3.41,"name":"Althaur"},"geometry":{"type":"Point","coordinates":[60.1701,12.4903]}},{"type":"Feature","properties":{"id":18907,"mag":3.91,"name":"Furibundus"},"geometry":{"type":"Point","coordinates":[60.7891,5.9893]}},{"type":"Feature","properties":{"id":19167,"mag":4.25,"name":"λ Per"},"geometry":{"type":"Point","coordinates":[61.646,50.3513]}},{"type":"Feature","properties":{"id":19343,"mag":3.96,"name":"Nembus"},"geometry":{"type":"Point","coordinates":[62.1654,47.7125]}},{"type":"Feature","properties":{"id":19587,"mag":4.04,"name":"Beid"},"geometry":{"type":"Point","coordinates":[62.9664,-6.8376]}},{"type":"Feature","properties":{"id":19747,"mag":3.85,"name":"α Hor"},"geometry":{"type":"Point","coordinates":[63.5005,-42.2944]}},{"type":"Feature","properties":{"id":19780,"mag":3.33,"name":"α Ret"},"geometry":{"type":"Point","coordinates":[63.6062,-62.4739]}},{"type":"Feature","properties":{"id":19812,"mag":4.12,"name":"μ Per"},"geometry":{"type":"Point","coordinates":[63.7244,48.4093]}},{"type":"Feature","properties":{"id":19893,"mag":4.26,"name":"γ Dor"},"geometry":{"type":"Point","coordinates":[64.0066,-51.4866]}},{"type":"Feature","properties":{"id":19921,"mag":4.44,"name":"ε Ret"},"geometry":{"type":"Point","coordinates":[64.121,-59.3022]}},{"type":"Feature","properties":{"id":20042,"mag":3.55,"name":"Beemim"},"geometry":{"type":"Point","coordinates":[64.4736,-33.7983]}},{"type":"Feature","properties":{"id":20205,"mag":3.65,"name":"Prima Hyadum"},"geometry":{"type":"Point","coordinates":[64.9483,15.6276]}},{"type":"Feature","properties":{"id":20455,"mag":3.77,"name":"Secunda Hyadum"},"geometry":{"type":"Point","coordinates":[65.7337,17.5425]}},{"type":"Feature","properties":{"id":20535,"mag":3.97,"name":"Beemim"},"geometry":{"type":"Point","coordinates":[66.0092,-34.0168]}},{"type":"Feature","properties":{"id":20889,"mag":3.53,"name":"Ain"},"geometry":{"type":"Point","coordinates":[67.1542,19.1804]}},{"type":"Feature","properties":{"id":20894,"mag":3.4,"name":"Phaesula"},"geometry":{"type":"Point","coordinates":[67.1656,15.8709]}},{"type":"Feature","properties":{"id":21060,"mag":5.07,"name":"δ Cae"},"geometry":{"type":"Point","coordinates":[67.7087,-44.9537]}},{"type":"Feature","properties":{"id":21281,"mag":3.3,"name":"α Dor"},"geometry":{"type":"Point","coordinates":[68.4991,-55.045]}},{"type":"Feature","properties":{"id":21393,"mag":3.81,"name":"Theemin"},"geometry":{"type":"Point","coordinates":[68.8877,-30.5623]}},{"type":"Feature","properties":{"id":21421,"mag":0.87,"name":"Aldebaran"},"geometry":{"type":"Point","coordinates":[68.9802,16.5093]}},{"type":"Feature","properties":{"id":21444,"mag":3.93,"name":"ν Eri"},"geometry":{"type":"Point","coordinates":[69.0798,-3.3525]}},{"type":"Feature","properties":{"id":21770,"mag":4.44,"name":"α Cae"},"geometry":{"type":"Point","coordinates":[70.1405,-41.8638]}},{"type":"Feature","properties":{"id":21861,"mag":5.04,"name":"β Cae"},"geometry":{"type":"Point","coordinates":[70.5145,-37.1443]}},{"type":"Feature","properties":{"id":22109,"mag":4.01,"name":"μ Eri"},"geometry":{"type":"Point","coordinates":[71.3756,-3.2547]}},{"type":"Feature","properties":{"id":22449,"mag":3.19,"name":"Tabit"},"geometry":{"type":"Point","coordinates":[72.46,6.9613]}},{"type":"Feature","properties":{"id":22509,"mag":4.35,"name":"Al Taj"},"geometry":{"type":"Point","coordinates":[72.653,8.9002]}},{"type":"Feature","properties":{"id":22549,"mag":3.68,"name":"Tabit"},"geometry":{"type":"Point","coordinates":[72.8015,5.6051]}},{"type":"Feature","properties":{"id":22783,"mag":4.26,"name":"α Cam"},"geometry":{"type":"Point","coordinates":[73.5125,66.3427]}},{"type":"Feature","properties":{"id":22797,"mag":3.71,"name":"π5 Ori"},"geometry":{"type":"Point","coordinates":[73.5629,2.4407]}},{"type":"Feature","properties":{"id":22845,"mag":4.64,"name":"π1 Ori"},"geometry":{"type":"Point","coordinates":[73.7239,10.1508]}},{"type":"Feature","properties":{"id":22871,"mag":5.47,"name":"η Men"},"geometry":{"type":"Point","coordinates":[73.7967,-74.9369]}},{"type":"Feature","properties":{"id":22957,"mag":4.06,"name":"ο2 Ori"},"geometry":{"type":"Point","coordinates":[74.0928,13.5145]}},{"type":"Feature","properties":{"id":23015,"mag":2.69,"name":"Hasseleh"},"geometry":{"type":"Point","coordinates":[74.2484,33.1661]}},{"type":"Feature","properties":{"id":23040,"mag":4.43,"name":"7 Cam"},"geometry":{"type":"Point","coordinates":[74.3217,53.7521]}},{"type":"Feature","properties":{"id":23123,"mag":4.47,"name":"π6 Ori"},"geometry":{"type":"Point","coordinates":[74.6371,1.714]}},{"type":"Feature","properties":{"id":23416,"mag":3.03,"name":"Maaz"},"geometry":{"type":"Point","coordinates":[75.4922,43.8233]}},{"type":"Feature","properties":{"id":23453,"mag":3.69,"name":"Haedi"},"geometry":{"type":"Point","coordinates":[75.6195,41.0758]}},{"type":"Feature","properties":{"id":23467,"mag":5.3,"name":"β Men"},"geometry":{"type":"Point","coordinates":[75.6792,-71.3143]}},{"type":"Feature","properties":{"id":23522,"mag":4.03,"name":"β Cam"},"geometry":{"type":"Point","coordinates":[75.8545,60.4422]}},{"type":"Feature","properties":{"id":23595,"mag":4.55,"name":"γ Cae"},"geometry":{"type":"Point","coordinates":[76.1017,-35.483]}},{"type":"Feature","properties":{"id":23607,"mag":4.65,"name":"11 Ori"},"geometry":{"type":"Point","coordinates":[76.1423,15.4041]}},{"type":"Feature","properties":{"id":23685,"mag":3.19,"name":"Sasin"},"geometry":{"type":"Point","coordinates":[76.3653,-22.371]}},{"type":"Feature","properties":{"id":23693,"mag":4.71,"name":"ζ Dor"},"geometry":{"type":"Point","coordinates":[76.3777,-57.4727]}},{"type":"Feature","properties":{"id":23767,"mag":3.18,"name":"Hoedus II"},"geometry":{"type":"Point","coordinates":[76.6287,41.2345]}},{"type":"Feature","properties":{"id":23875,"mag":2.78,"name":"Cursa"},"geometry":{"type":"Point","coordinates":[76.9624,-5.0864]}},{"type":"Feature","properties":{"id":24010,"mag":4.81,"name":"15 Ori"},"geometry":{"type":"Point","coordinates":[77.4248,15.5972]}},{"type":"Feature","properties":{"id":24305,"mag":3.29,"name":"μ Lep"},"geometry":{"type":"Point","coordinates":[78.2329,-16.2055]}},{"type":"Feature","properties":{"id":24327,"mag":4.36,"name":"κ Lep"},"geometry":{"type":"Point","coordinates":[78.3078,-12.9413]}},{"type":"Feature","properties":{"id":24436,"mag":0.18,"name":"Rigel"},"geometry":{"type":"Point","coordinates":[78.6345,-8.2016]}},{"type":"Feature","properties":{"id":24608,"mag":0.08,"name":"Capella"},"geometry":{"type":"Point","coordinates":[79.1723,45.998]}},{"type":"Feature","properties":{"id":24845,"mag":4.29,"name":"λ Lep"},"geometry":{"type":"Point","coordinates":[79.8939,-13.1768]}},{"type":"Feature","properties":{"id":25281,"mag":3.35,"name":"Saif al Jabbar"},"geometry":{"type":"Point","coordinates":[81.1192,-2.3971]}},{"type":"Feature","properties":{"id":25336,"mag":1.64,"name":"Bellatrix"},"geometry":{"type":"Point","coordinates":[81.2828,6.3497]}},{"type":"Feature","properties":{"id":25428,"mag":1.65,"name":"Elnath"},"geometry":{"type":"Point","coordinates":[81.573,28.6075]}},{"type":"Feature","properties":{"id":25606,"mag":2.81,"name":"Nihal"},"geometry":{"type":"Point","coordinates":[82.0613,-20.7594]}},{"type":"Feature","properties":{"id":25859,"mag":3.86,"name":"ε Col"},"geometry":{"type":"Point","coordinates":[82.8031,-35.4705]}},{"type":"Feature","properties":{"id":25918,"mag":5.18,"name":"γ Men"},"geometry":{"type":"Point","coordinates":[82.9709,-76.341]}},{"type":"Feature","properties":{"id":25930,"mag":2.25,"name":"Mintaka"},"geometry":{"type":"Point","coordinates":[83.0017,-0.2991]}},{"type":"Feature","properties":{"id":25985,"mag":2.58,"name":"Arneb"},"geometry":{"type":"Point","coordinates":[83.1826,-17.8223]}},{"type":"Feature","properties":{"id":26069,"mag":3.76,"name":"β Dor"},"geometry":{"type":"Point","coordinates":[83.4063,-62.4898]}},{"type":"Feature","properties":{"id":26207,"mag":3.39,"name":"Meissa"},"geometry":{"type":"Point","coordinates":[83.7845,9.9342]}},{"type":"Feature","properties":{"id":26311,"mag":1.69,"name":"Alnilam"},"geometry":{"type":"Point","coordinates":[84.0534,-1.2019]}},{"type":"Feature","properties":{"id":26451,"mag":2.97,"name":"Al Hecka"},"geometry":{"type":"Point","coordinates":[84.4112,21.1425]}},{"type":"Feature","properties":{"id":26634,"mag":2.65,"name":"Phact"},"geometry":{"type":"Point","coordinates":[84.9122,-34.0741]}},{"type":"Feature","properties":{"id":26727,"mag":1.74,"name":"Alnitak"},"geometry":{"type":"Point","coordinates":[85.1897,-1.9426]}},{"type":"Feature","properties":{"id":27072,"mag":3.59,"name":"Kursi al Jabbar"},"geometry":{"type":"Point","coordinates":[86.1158,-22.4484]}},{"type":"Feature","properties":{"id":27100,"mag":4.34,"name":"δ Dor"},"geometry":{"type":"Point","coordinates":[86.1932,-65.7355]}},{"type":"Feature","properties":{"id":27288,"mag":3.55,"name":"ζ Lep"},"geometry":{"type":"Point","coordinates":[86.7389,-14.822]}},{"type":"Feature","properties":{"id":27321,"mag":3.85,"name":"β Pic"},"geometry":{"type":"Point","coordinates":[86.8212,-51.0665]}},{"type":"Feature","properties":{"id":27366,"mag":2.07,"name":"Saiph"},"geometry":{"type":"Point","coordinates":[86.9391,-9.6696]}},{"type":"Feature","properties":{"id":27530,"mag":4.5,"name":"γ Pic"},"geometry":{"type":"Point","coordinates":[87.4569,-56.1667]}},{"type":"Feature","properties":{"id":27628,"mag":3.12,"name":"Wazn"},"geometry":{"type":"Point","coordinates":[87.74,-35.7683]}},{"type":"Feature","properties":{"id":27654,"mag":3.76,"name":"Arsh al Jauzah"},"geometry":{"type":"Point","coordinates":[87.8304,-20.8791]}},{"type":"Feature","properties":{"id":27890,"mag":4.65,"name":"36 Dor"},"geometry":{"type":"Point","coordinates":[88.5252,-63.0896]}},{"type":"Feature","properties":{"id":27913,"mag":4.39,"name":"χ1 Ori"},"geometry":{"type":"Point","coordinates":[88.5958,20.2762]}},{"type":"Feature","properties":{"id":27989,"mag":0.45,"name":"Betelgeuse"},"geometry":{"type":"Point","coordinates":[88.7929,7.4071]}},{"type":"Feature","properties":{"id":28103,"mag":3.71,"name":"η Lep"},"geometry":{"type":"Point","coordinates":[89.1012,-14.1677]}},{"type":"Feature","properties":{"id":28328,"mag":3.96,"name":"η Col"},"geometry":{"type":"Point","coordinates":[89.7867,-42.8151]}},{"type":"Feature","properties":{"id":28358,"mag":3.72,"name":"Prijipati"},"geometry":{"type":"Point","coordinates":[89.8818,54.2847]}},{"type":"Feature","properties":{"id":28360,"mag":1.9,"name":"Menkalinan"},"geometry":{"type":"Point","coordinates":[89.8822,44.9474]}},{"type":"Feature","properties":{"id":28380,"mag":2.65,"name":"Bogardus"},"geometry":{"type":"Point","coordinates":[89.9303,37.2126]}},{"type":"Feature","properties":{"id":28614,"mag":4.12,"name":"μ Ori"},"geometry":{"type":"Point","coordinates":[90.5958,9.6473]}},{"type":"Feature","properties":{"id":28716,"mag":4.64,"name":"χ2 Ori"},"geometry":{"type":"Point","coordinates":[90.9799,20.1385]}},{"type":"Feature","properties":{"id":28910,"mag":4.67,"name":"θ Lep"},"geometry":{"type":"Point","coordinates":[91.5388,-14.9353]}},{"type":"Feature","properties":{"id":29038,"mag":4.42,"name":"ν Ori"},"geometry":{"type":"Point","coordinates":[91.893,14.7685]}},{"type":"Feature","properties":{"id":29271,"mag":5.08,"name":"α Men"},"geometry":{"type":"Point","coordinates":[92.5603,-74.753]}},{"type":"Feature","properties":{"id":29426,"mag":4.45,"name":"ξ Ori"},"geometry":{"type":"Point","coordinates":[92.985,14.2088]}},{"type":"Feature","properties":{"id":29651,"mag":3.99,"name":"γ Mon"},"geometry":{"type":"Point","coordinates":[93.7139,-6.2748]}},{"type":"Feature","properties":{"id":29655,"mag":3.31,"name":"Propus"},"geometry":{"type":"Point","coordinates":[93.7194,22.5068]}},{"type":"Feature","properties":{"id":29997,"mag":4.76,"name":"HIP 29997"},"geometry":{"type":"Point","coordinates":[94.7116,69.3198]}},{"type":"Feature","properties":{"id":30060,"mag":4.44,"name":"2 Lyn"},"geometry":{"type":"Point","coordinates":[94.9058,59.011]}},{"type":"Feature","properties":{"id":30122,"mag":3.02,"name":"Furud"},"geometry":{"type":"Point","coordinates":[95.0783,-30.0634]}},{"type":"Feature","properties":{"id":30277,"mag":3.85,"name":"Ghusn al Zaitun"},"geometry":{"type":"Point","coordinates":[95.5285,-33.4364]}},{"type":"Feature","properties":{"id":30324,"mag":1.98,"name":"Mirzam"},"geometry":{"type":"Point","coordinates":[95.6749,-17.9559]}},{"type":"Feature","properties":{"id":30343,"mag":2.87,"name":"Tejat"},"geometry":{"type":"Point","coordinates":[95.7401,22.5136]}},{"type":"Feature","properties":{"id":30419,"mag":4.39,"name":"ε Mon"},"geometry":{"type":"Point","coordinates":[95.942,4.5929]}},{"type":"Feature","properties":{"id":30438,"mag":-0.62,"name":"Canopus"},"geometry":{"type":"Point","coordinates":[95.988,-52.6957]}},{"type":"Feature","properties":{"id":30867,"mag":3.76,"name":"β Mon"},"geometry":{"type":"Point","coordinates":[97.2045,-7.0331]}},{"type":"Feature","properties":{"id":31216,"mag":4.47,"name":"13 Mon"},"geometry":{"type":"Point","coordinates":[98.2259,7.333]}},{"type":"Feature","properties":{"id":31681,"mag":1.93,"name":"Alhena"},"geometry":{"type":"Point","coordinates":[99.4279,16.3993]}},{"type":"Feature","properties":{"id":31685,"mag":3.17,"name":"Kaimana"},"geometry":{"type":"Point","coordinates":[99.4403,-43.1959]}},{"type":"Feature","properties":{"id":31978,"mag":4.66,"name":"15 Mon"},"geometry":{"type":"Point","coordinates":[100.2444,9.8958]}},{"type":"Feature","properties":{"id":32246,"mag":3.06,"name":"Mebsuta"},"geometry":{"type":"Point","coordinates":[100.983,25.1311]}},{"type":"Feature","properties":{"id":32349,"mag":-1.44,"name":"Sirius"},"geometry":{"type":"Point","coordinates":[101.2872,-16.7161]}},{"type":"Feature","properties":{"id":32362,"mag":3.35,"name":"Alzirr"},"geometry":{"type":"Point","coordinates":[101.3224,12.8956]}},{"type":"Feature","properties":{"id":32578,"mag":4.48,"name":"18 Mon"},"geometry":{"type":"Point","coordinates":[101.9652,2.4122]}},{"type":"Feature","properties":{"id":32607,"mag":3.24,"name":"α Pic"},"geometry":{"type":"Point","coordinates":[102.0477,-61.9414]}},{"type":"Feature","properties":{"id":33160,"mag":4.08,"name":"θ CMa"},"geometry":{"type":"Point","coordinates":[103.5475,-12.0386]}},{"type":"Feature","properties":{"id":33347,"mag":4.36,"name":"ι CMa"},"geometry":{"type":"Point","coordinates":[104.0343,-17.0542]}},{"type":"Feature","properties":{"id":33449,"mag":4.35,"name":"15 Lyn"},"geometry":{"type":"Point","coordinates":[104.3192,58.4228]}},{"type":"Feature","properties":{"id":33579,"mag":1.5,"name":"Adara"},"geometry":{"type":"Point","coordinates":[104.6565,-28.9721]}},{"type":"Feature","properties":{"id":33694,"mag":4.55,"name":"HIP 33694"},"geometry":{"type":"Point","coordinates":[105.0168,76.9774]}},{"type":"Feature","properties":{"id":33856,"mag":3.49,"name":"Unurgunite"},"geometry":{"type":"Point","coordinates":[105.4298,-27.9348]}},{"type":"Feature","properties":{"id":33977,"mag":3.02,"name":"Al Zara"},"geometry":{"type":"Point","coordinates":[105.7561,-23.8333]}},{"type":"Feature","properties":{"id":34045,"mag":4.11,"name":"Muliphein"},"geometry":{"type":"Point","coordinates":[105.9396,-15.6333]}},{"type":"Feature","properties":{"id":34088,"mag":4.01,"name":"Mekbuda"},"geometry":{"type":"Point","coordinates":[106.0272,20.5703]}},{"type":"Feature","properties":{"id":34444,"mag":1.83,"name":"Wezen"},"geometry":{"type":"Point","coordinates":[107.0979,-26.3932]}},{"type":"Feature","properties":{"id":34481,"mag":3.78,"name":"γ2 Vol"},"geometry":{"type":"Point","coordinates":[107.1869,-70.4989]}},{"type":"Feature","properties":{"id":34693,"mag":4.41,"name":"τ Gem"},"geometry":{"type":"Point","coordinates":[107.7849,30.2452]}},{"type":"Feature","properties":{"id":34769,"mag":4.15,"name":"δ Mon"},"geometry":{"type":"Point","coordinates":[107.9661,-0.4928]}},{"type":"Feature","properties":{"id":35228,"mag":3.97,"name":"δ Vol"},"geometry":{"type":"Point","coordinates":[109.2076,-67.9572]}},{"type":"Feature","properties":{"id":35264,"mag":2.71,"name":"Ahadi"},"geometry":{"type":"Point","coordinates":[109.2857,-37.0975]}},{"type":"Feature","properties":{"id":35350,"mag":3.58,"name":"Kebash"},"geometry":{"type":"Point","coordinates":[109.5232,16.5404]}},{"type":"Feature","properties":{"id":35550,"mag":3.5,"name":"Wasat"},"geometry":{"type":"Point","coordinates":[110.0307,21.9823]}},{"type":"Feature","properties":{"id":35904,"mag":2.45,"name":"Aludra"},"geometry":{"type":"Point","coordinates":[111.0238,-29.3031]}},{"type":"Feature","properties":{"id":36145,"mag":4.61,"name":"21 Lyn"},"geometry":{"type":"Point","coordinates":[111.6785,49.2115]}},{"type":"Feature","properties":{"id":36188,"mag":2.89,"name":"Gomeisa"},"geometry":{"type":"Point","coordinates":[111.7877,8.2893]}},{"type":"Feature","properties":{"id":36850,"mag":1.58,"name":"Castor"},"geometry":{"type":"Point","coordinates":[113.6494,31.8883]}},{"type":"Feature","properties":{"id":36917,"mag":4.65,"name":"p Pup"},"geometry":{"type":"Point","coordinates":[113.8454,-28.3693]}},{"type":"Feature","properties":{"id":36962,"mag":4.06,"name":"υ Gem"},"geometry":{"type":"Point","coordinates":[113.9806,26.8957]}},{"type":"Feature","properties":{"id":37229,"mag":3.8,"name":"Markab"},"geometry":{"type":"Point","coordinates":[114.7078,-26.8038]}},{"type":"Feature","properties":{"id":37279,"mag":0.4,"name":"Procyon"},"geometry":{"type":"Point","coordinates":[114.8255,5.225]}},{"type":"Feature","properties":{"id":37447,"mag":3.94,"name":"α Mon"},"geometry":{"type":"Point","coordinates":[115.3118,-9.5511]}},{"type":"Feature","properties":{"id":37677,"mag":3.94,"name":"l Pup"},"geometry":{"type":"Point","coordinates":[115.952,-28.9548]}},{"type":"Feature","properties":{"id":37826,"mag":1.16,"name":"Pollux"},"geometry":{"type":"Point","coordinates":[116.329,28.0262]}},{"type":"Feature","properties":{"id":38070,"mag":4.4,"name":"ο Pup"},"geometry":{"type":"Point","coordinates":[117.0215,-25.9372]}},{"type":"Feature","properties":{"id":38170,"mag":3.34,"name":"Azmidiske"},"geometry":{"type":"Point","coordinates":[117.3236,-24.8598]}},{"type":"Feature","properties":{"id":38827,"mag":3.46,"name":"Drus"},"geometry":{"type":"Point","coordinates":[119.1946,-52.9824]}},{"type":"Feature","properties":{"id":38835,"mag":4.2,"name":"j Pup"},"geometry":{"type":"Point","coordinates":[119.2147,-22.8801]}},{"type":"Feature","properties":{"id":39429,"mag":2.21,"name":"Naos"},"geometry":{"type":"Point","coordinates":[120.896,-40.0031]}},{"type":"Feature","properties":{"id":39757,"mag":2.83,"name":"Turais"},"geometry":{"type":"Point","coordinates":[121.886,-24.3043]}},{"type":"Feature","properties":{"id":39794,"mag":4.35,"name":"ε Vol"},"geometry":{"type":"Point","coordinates":[121.9825,-68.6171]}},{"type":"Feature","properties":{"id":39863,"mag":4.36,"name":"ζ Mon"},"geometry":{"type":"Point","coordinates":[122.1485,-2.9838]}},{"type":"Feature","properties":{"id":39953,"mag":1.75,"name":"Suhail al Muhlif"},"geometry":{"type":"Point","coordinates":[122.3831,-47.3366]}},{"type":"Feature","properties":{"id":40526,"mag":3.53,"name":"Al Tarf"},"geometry":{"type":"Point","coordinates":[124.1288,9.1855]}},{"type":"Feature","properties":{"id":40702,"mag":4.05,"name":"α Cha"},"geometry":{"type":"Point","coordinates":[124.6315,-76.9197]}},{"type":"Feature","properties":{"id":41037,"mag":1.86,"name":"Avior"},"geometry":{"type":"Point","coordinates":[125.6285,-59.5095]}},{"type":"Feature","properties":{"id":41075,"mag":4.25,"name":"Mabsuthat"},"geometry":{"type":"Point","coordinates":[125.7088,43.1881]}},{"type":"Feature","properties":{"id":41312,"mag":3.77,"name":"β Vol"},"geometry":{"type":"Point","coordinates":[126.4341,-66.1369]}},{"type":"Feature","properties":{"id":41704,"mag":3.35,"name":"Muscida"},"geometry":{"type":"Point","coordinates":[127.5661,60.7182]}},{"type":"Feature","properties":{"id":42313,"mag":4.14,"name":"Mautinah"},"geometry":{"type":"Point","coordinates":[129.414,5.7038]}},{"type":"Feature","properties":{"id":42402,"mag":4.45,"name":"Al Minliar al Shuja"},"geometry":{"type":"Point","coordinates":[129.6893,3.3414]}},{"type":"Feature","properties":{"id":42515,"mag":3.97,"name":"β Pyx"},"geometry":{"type":"Point","coordinates":[130.0256,-35.3084]}},{"type":"Feature","properties":{"id":42799,"mag":4.3,"name":"η Hya"},"geometry":{"type":"Point","coordinates":[130.8061,3.3987]}},{"type":"Feature","properties":{"id":42806,"mag":4.66,"name":"Asellus Borealis"},"geometry":{"type":"Point","coordinates":[130.8214,21.4685]}},{"type":"Feature","properties":{"id":42828,"mag":3.68,"name":"α Pyx"},"geometry":{"type":"Point","coordinates":[130.8981,-33.1864]}},{"type":"Feature","properties":{"id":42911,"mag":3.94,"name":"Asellus Australis"},"geometry":{"type":"Point","coordinates":[131.1712,18.1543]}},{"type":"Feature","properties":{"id":42913,"mag":1.93,"name":"Alsephina"},"geometry":{"type":"Point","coordinates":[131.1759,-54.7088]}},{"type":"Feature","properties":{"id":43100,"mag":6.58,"name":"Decapoda"},"geometry":{"type":"Point","coordinates":[131.6666,28.7651]}},{"type":"Feature","properties":{"id":43109,"mag":3.38,"name":"Ashlesha"},"geometry":{"type":"Point","coordinates":[131.6938,6.4188]}},{"type":"Feature","properties":{"id":43234,"mag":4.35,"name":"ρ Hya"},"geometry":{"type":"Point","coordinates":[132.1082,5.8378]}},{"type":"Feature","properties":{"id":43409,"mag":4.02,"name":"γ Pyx"},"geometry":{"type":"Point","coordinates":[132.633,-27.7098]}},{"type":"Feature","properties":{"id":43813,"mag":3.11,"name":"Hydrobius"},"geometry":{"type":"Point","coordinates":[133.8484,5.9456]}},{"type":"Feature","properties":{"id":44066,"mag":4.26,"name":"Acubens"},"geometry":{"type":"Point","coordinates":[134.6218,11.8577]}},{"type":"Feature","properties":{"id":44127,"mag":3.12,"name":"Talitha"},"geometry":{"type":"Point","coordinates":[134.8019,48.0418]}},{"type":"Feature","properties":{"id":44248,"mag":3.96,"name":"10 UMa"},"geometry":{"type":"Point","coordinates":[135.1599,41.7829]}},{"type":"Feature","properties":{"id":44382,"mag":4,"name":"α Vol"},"geometry":{"type":"Point","coordinates":[135.6116,-66.3961]}},{"type":"Feature","properties":{"id":44471,"mag":3.57,"name":"Talitha Australis"},"geometry":{"type":"Point","coordinates":[135.9064,47.1565]}},{"type":"Feature","properties":{"id":44816,"mag":2.23,"name":"Alsuhail"},"geometry":{"type":"Point","coordinates":[136.999,-43.4326]}},{"type":"Feature","properties":{"id":45238,"mag":1.67,"name":"Miaplacidus"},"geometry":{"type":"Point","coordinates":[138.2999,-69.7172]}},{"type":"Feature","properties":{"id":45336,"mag":3.89,"name":"θ Hya"},"geometry":{"type":"Point","coordinates":[138.5911,2.3143]}},{"type":"Feature","properties":{"id":45556,"mag":2.21,"name":"Scutulum"},"geometry":{"type":"Point","coordinates":[139.2725,-59.2752]}},{"type":"Feature","properties":{"id":45688,"mag":3.82,"name":"Maculosa"},"geometry":{"type":"Point","coordinates":[139.711,36.8026]}},{"type":"Feature","properties":{"id":45860,"mag":3.14,"name":"Alvashak"},"geometry":{"type":"Point","coordinates":[140.2638,34.3926]}},{"type":"Feature","properties":{"id":45941,"mag":2.47,"name":"Markeb"},"geometry":{"type":"Point","coordinates":[140.5284,-55.0107]}},{"type":"Feature","properties":{"id":46390,"mag":1.99,"name":"Alphard"},"geometry":{"type":"Point","coordinates":[141.8968,-8.6586]}},{"type":"Feature","properties":{"id":46515,"mag":4.51,"name":"ε Ant"},"geometry":{"type":"Point","coordinates":[142.3113,-35.9513]}},{"type":"Feature","properties":{"id":46651,"mag":3.6,"name":"ψ Vel"},"geometry":{"type":"Point","coordinates":[142.675,-40.4668]}},{"type":"Feature","properties":{"id":46733,"mag":3.65,"name":"h UMa"},"geometry":{"type":"Point","coordinates":[142.8821,63.0619]}},{"type":"Feature","properties":{"id":46853,"mag":3.17,"name":"Al Haud"},"geometry":{"type":"Point","coordinates":[143.2143,51.6773]}},{"type":"Feature","properties":{"id":46952,"mag":4.54,"name":"10 LMi"},"geometry":{"type":"Point","coordinates":[143.5558,36.3976]}},{"type":"Feature","properties":{"id":47431,"mag":3.9,"name":"Ukdah"},"geometry":{"type":"Point","coordinates":[144.964,-1.1428]}},{"type":"Feature","properties":{"id":47908,"mag":2.97,"name":"Ras Elased Australis"},"geometry":{"type":"Point","coordinates":[146.4628,23.7743]}},{"type":"Feature","properties":{"id":48319,"mag":3.78,"name":"υ UMa"},"geometry":{"type":"Point","coordinates":[147.7473,59.0387]}},{"type":"Feature","properties":{"id":48356,"mag":4.11,"name":"Zhang"},"geometry":{"type":"Point","coordinates":[147.8696,-14.8466]}},{"type":"Feature","properties":{"id":48402,"mag":4.55,"name":"φ UMa"},"geometry":{"type":"Point","coordinates":[148.0265,54.0643]}},{"type":"Feature","properties":{"id":48437,"mag":5.07,"name":"γ Sex"},"geometry":{"type":"Point","coordinates":[148.1268,-8.105]}},{"type":"Feature","properties":{"id":48455,"mag":3.88,"name":"Ras Elased Borealis"},"geometry":{"type":"Point","coordinates":[148.1909,26.007]}},{"type":"Feature","properties":{"id":48774,"mag":3.52,"name":"Tseen Ke"},"geometry":{"type":"Point","coordinates":[149.2156,-54.5678]}},{"type":"Feature","properties":{"id":49583,"mag":3.48,"name":"Al Jabhah"},"geometry":{"type":"Point","coordinates":[151.8331,16.7627]}},{"type":"Feature","properties":{"id":49593,"mag":4.49,"name":"21 LMi"},"geometry":{"type":"Point","coordinates":[151.8573,35.2447]}},{"type":"Feature","properties":{"id":49641,"mag":4.48,"name":"α Sex"},"geometry":{"type":"Point","coordinates":[151.9845,-0.3716]}},{"type":"Feature","properties":{"id":49669,"mag":1.36,"name":"Regulus"},"geometry":{"type":"Point","coordinates":[152.093,11.9672]}},{"type":"Feature","properties":{"id":49841,"mag":3.61,"name":"λ Hya"},"geometry":{"type":"Point","coordinates":[152.647,-12.3541]}},{"type":"Feature","properties":{"id":50099,"mag":3.29,"name":"Simiram"},"geometry":{"type":"Point","coordinates":[153.4342,-70.0379]}},{"type":"Feature","properties":{"id":50191,"mag":3.85,"name":"q Vel"},"geometry":{"type":"Point","coordinates":[153.684,-42.1219]}},{"type":"Feature","properties":{"id":50335,"mag":3.43,"name":"Adhafera"},"geometry":{"type":"Point","coordinates":[154.1726,23.4173]}},{"type":"Feature","properties":{"id":50371,"mag":3.39,"name":"q Car"},"geometry":{"type":"Point","coordinates":[154.2707,-61.3323]}},{"type":"Feature","properties":{"id":50372,"mag":3.45,"name":"Tania Borealis"},"geometry":{"type":"Point","coordinates":[154.2741,42.9144]}},{"type":"Feature","properties":{"id":50583,"mag":2.01,"name":"Algieba"},"geometry":{"type":"Point","coordinates":[154.9931,19.8415]}},{"type":"Feature","properties":{"id":50801,"mag":3.06,"name":"Tania Australis"},"geometry":{"type":"Point","coordinates":[155.5823,41.4995]}},{"type":"Feature","properties":{"id":51056,"mag":4.72,"name":"30 LMi"},"geometry":{"type":"Point","coordinates":[156.4784,33.7961]}},{"type":"Feature","properties":{"id":51069,"mag":3.83,"name":"μ Hya"},"geometry":{"type":"Point","coordinates":[156.5226,-16.8363]}},{"type":"Feature","properties":{"id":51172,"mag":4.28,"name":"α Ant"},"geometry":{"type":"Point","coordinates":[156.7879,-31.0678]}},{"type":"Feature","properties":{"id":51233,"mag":4.2,"name":"β LMi"},"geometry":{"type":"Point","coordinates":[156.9708,36.7072]}},{"type":"Feature","properties":{"id":51362,"mag":5.19,"name":"δ Sex"},"geometry":{"type":"Point","coordinates":[157.3696,-2.7391]}},{"type":"Feature","properties":{"id":51437,"mag":5.08,"name":"β Sex"},"geometry":{"type":"Point","coordinates":[157.5728,-0.637]}},{"type":"Feature","properties":{"id":51576,"mag":3.3,"name":"p Car"},"geometry":{"type":"Point","coordinates":[158.0061,-61.6853]}},{"type":"Feature","properties":{"id":51839,"mag":4.11,"name":"γ Cha"},"geometry":{"type":"Point","coordinates":[158.8671,-78.6078]}},{"type":"Feature","properties":{"id":52419,"mag":2.74,"name":"Vathorz Posterior"},"geometry":{"type":"Point","coordinates":[160.7392,-64.3945]}},{"type":"Feature","properties":{"id":52595,"mag":5.46,"name":"δ1 Cha"},"geometry":{"type":"Point","coordinates":[161.318,-80.4696]}},{"type":"Feature","properties":{"id":52727,"mag":2.69,"name":"Peregrini"},"geometry":{"type":"Point","coordinates":[161.6924,-49.4203]}},{"type":"Feature","properties":{"id":52943,"mag":3.11,"name":"Pleura"},"geometry":{"type":"Point","coordinates":[162.4062,-16.1936]}},{"type":"Feature","properties":{"id":53229,"mag":3.79,"name":"Praecipua"},"geometry":{"type":"Point","coordinates":[163.3279,34.2149]}},{"type":"Feature","properties":{"id":53253,"mag":3.78,"name":"u Car"},"geometry":{"type":"Point","coordinates":[163.3736,-58.8532]}},{"type":"Feature","properties":{"id":53502,"mag":4.6,"name":"ι Ant"},"geometry":{"type":"Point","coordinates":[164.1794,-37.1378]}},{"type":"Feature","properties":{"id":53740,"mag":4.08,"name":"Alkes"},"geometry":{"type":"Point","coordinates":[164.9436,-18.2988]}},{"type":"Feature","properties":{"id":53910,"mag":2.34,"name":"Merak"},"geometry":{"type":"Point","coordinates":[165.4603,56.3824]}},{"type":"Feature","properties":{"id":54061,"mag":1.81,"name":"Dubhe"},"geometry":{"type":"Point","coordinates":[165.932,61.751]}},{"type":"Feature","properties":{"id":54301,"mag":4.62,"name":"z Car"},"geometry":{"type":"Point","coordinates":[166.6351,-62.4241]}},{"type":"Feature","properties":{"id":54461,"mag":5.11,"name":"z2 Car"},"geometry":{"type":"Point","coordinates":[167.1417,-61.9472]}},{"type":"Feature","properties":{"id":54463,"mag":3.93,"name":"x Car"},"geometry":{"type":"Point","coordinates":[167.1475,-58.975]}},{"type":"Feature","properties":{"id":54539,"mag":3,"name":"ψ UMa"},"geometry":{"type":"Point","coordinates":[167.4159,44.4985]}},{"type":"Feature","properties":{"id":54682,"mag":4.46,"name":"Alsharasif"},"geometry":{"type":"Point","coordinates":[167.9145,-22.8258]}},{"type":"Feature","properties":{"id":54751,"mag":4.59,"name":"y Car"},"geometry":{"type":"Point","coordinates":[168.1501,-60.3176]}},{"type":"Feature","properties":{"id":54872,"mag":2.56,"name":"Zosma"},"geometry":{"type":"Point","coordinates":[168.5271,20.5237]}},{"type":"Feature","properties":{"id":54879,"mag":3.33,"name":"Coxa"},"geometry":{"type":"Point","coordinates":[168.56,15.4296]}},{"type":"Feature","properties":{"id":55203,"mag":3.79,"name":"Alula Australis"},"geometry":{"type":"Point","coordinates":[169.5468,31.5308]}},{"type":"Feature","properties":{"id":55219,"mag":3.49,"name":"Alula Borealis"},"geometry":{"type":"Point","coordinates":[169.6197,33.0943]}},{"type":"Feature","properties":{"id":55282,"mag":3.56,"name":"Labrum"},"geometry":{"type":"Point","coordinates":[169.8352,-14.7785]}},{"type":"Feature","properties":{"id":55425,"mag":3.9,"name":"π Cen"},"geometry":{"type":"Point","coordinates":[170.2517,-54.491]}},{"type":"Feature","properties":{"id":55598,"mag":5.08,"name":"λ Crt"},"geometry":{"type":"Point","coordinates":[170.8412,-18.78]}},{"type":"Feature","properties":{"id":55687,"mag":4.81,"name":"ε Crt"},"geometry":{"type":"Point","coordinates":[171.1525,-10.8593]}},{"type":"Feature","properties":{"id":55705,"mag":4.06,"name":"γ Crt"},"geometry":{"type":"Point","coordinates":[171.2205,-17.684]}},{"type":"Feature","properties":{"id":56211,"mag":3.82,"name":"Giansar"},"geometry":{"type":"Point","coordinates":[172.8509,69.3311]}},{"type":"Feature","properties":{"id":56243,"mag":5.07,"name":"ο1 Cen"},"geometry":{"type":"Point","coordinates":[172.942,-59.4421]}},{"type":"Feature","properties":{"id":56343,"mag":3.54,"name":"ξ Hya"},"geometry":{"type":"Point","coordinates":[173.2505,-31.8576]}},{"type":"Feature","properties":{"id":56633,"mag":4.7,"name":"θ Crt"},"geometry":{"type":"Point","coordinates":[174.1705,-9.8022]}},{"type":"Feature","properties":{"id":57283,"mag":4.71,"name":"ζ Crt"},"geometry":{"type":"Point","coordinates":[176.1907,-18.3507]}},{"type":"Feature","properties":{"id":57363,"mag":3.63,"name":"λ Mus"},"geometry":{"type":"Point","coordinates":[176.4017,-66.7288]}},{"type":"Feature","properties":{"id":57380,"mag":4.04,"name":"ν Vir"},"geometry":{"type":"Point","coordinates":[176.4648,6.5294]}},{"type":"Feature","properties":{"id":57399,"mag":3.69,"name":"El Kophrah"},"geometry":{"type":"Point","coordinates":[176.5126,47.7794]}},{"type":"Feature","properties":{"id":57632,"mag":2.14,"name":"Denebola"},"geometry":{"type":"Point","coordinates":[177.2649,14.5721]}},{"type":"Feature","properties":{"id":57757,"mag":3.59,"name":"Zavijava"},"geometry":{"type":"Point","coordinates":[177.6738,1.7647]}},{"type":"Feature","properties":{"id":57936,"mag":4.29,"name":"β Hya"},"geometry":{"type":"Point","coordinates":[178.2272,-33.9081]}},{"type":"Feature","properties":{"id":58001,"mag":2.41,"name":"Phecda"},"geometry":{"type":"Point","coordinates":[178.4577,53.6948]}},{"type":"Feature","properties":{"id":58188,"mag":5.17,"name":"η Crt"},"geometry":{"type":"Point","coordinates":[179.004,-17.1508]}},{"type":"Feature","properties":{"id":58484,"mag":4.88,"name":"ε Cha"},"geometry":{"type":"Point","coordinates":[179.9066,-78.2218]}},{"type":"Feature","properties":{"id":59196,"mag":2.58,"name":"δ Cen"},"geometry":{"type":"Point","coordinates":[-177.9104,-50.7224]}},{"type":"Feature","properties":{"id":59199,"mag":4.02,"name":"Alchiba"},"geometry":{"type":"Point","coordinates":[-177.8966,-24.7289]}},{"type":"Feature","properties":{"id":59316,"mag":3.02,"name":"Minkar"},"geometry":{"type":"Point","coordinates":[-177.4688,-22.6198]}},{"type":"Feature","properties":{"id":59449,"mag":3.97,"name":"ρ Cen"},"geometry":{"type":"Point","coordinates":[-177.087,-52.3685]}},{"type":"Feature","properties":{"id":59747,"mag":2.79,"name":"Decrux"},"geometry":{"type":"Point","coordinates":[-176.2137,-58.7489]}},{"type":"Feature","properties":{"id":59774,"mag":3.32,"name":"Megrez"},"geometry":{"type":"Point","coordinates":[-176.1435,57.0326]}},{"type":"Feature","properties":{"id":59803,"mag":2.58,"name":"Gienah"},"geometry":{"type":"Point","coordinates":[-176.0485,-17.5419]}},{"type":"Feature","properties":{"id":59929,"mag":4.06,"name":"ε Mus"},"geometry":{"type":"Point","coordinates":[-175.6072,-67.9607]}},{"type":"Feature","properties":{"id":60000,"mag":4.24,"name":"β Cha"},"geometry":{"type":"Point","coordinates":[-175.4132,-79.3122]}},{"type":"Feature","properties":{"id":60129,"mag":3.89,"name":"Zaniah"},"geometry":{"type":"Point","coordinates":[-175.0235,-0.6668]}},{"type":"Feature","properties":{"id":60718,"mag":0.77,"name":"Acrux"},"geometry":{"type":"Point","coordinates":[-173.3504,-63.0991]}},{"type":"Feature","properties":{"id":60742,"mag":4.35,"name":"Kissin"},"geometry":{"type":"Point","coordinates":[-173.2655,28.2684]}},{"type":"Feature","properties":{"id":60823,"mag":3.91,"name":"σ Cen"},"geometry":{"type":"Point","coordinates":[-172.9901,-50.2306]}},{"type":"Feature","properties":{"id":60965,"mag":2.94,"name":"Algorab"},"geometry":{"type":"Point","coordinates":[-172.5339,-16.5154]}},{"type":"Feature","properties":{"id":61084,"mag":1.59,"name":"Gacrux"},"geometry":{"type":"Point","coordinates":[-172.2085,-57.1132]}},{"type":"Feature","properties":{"id":61199,"mag":3.84,"name":"γ Mus"},"geometry":{"type":"Point","coordinates":[-171.8833,-72.133]}},{"type":"Feature","properties":{"id":61281,"mag":3.85,"name":"Ketu"},"geometry":{"type":"Point","coordinates":[-171.6294,69.7882]}},{"type":"Feature","properties":{"id":61317,"mag":4.24,"name":"Asterion"},"geometry":{"type":"Point","coordinates":[-171.5644,41.3575]}},{"type":"Feature","properties":{"id":61359,"mag":2.65,"name":"Kraz"},"geometry":{"type":"Point","coordinates":[-171.4032,-23.3968]}},{"type":"Feature","properties":{"id":61585,"mag":2.69,"name":"α Mus"},"geometry":{"type":"Point","coordinates":[-170.7041,-69.1356]}},{"type":"Feature","properties":{"id":61932,"mag":2.2,"name":"Muhlifain"},"geometry":{"type":"Point","coordinates":[-169.6207,-48.9599]}},{"type":"Feature","properties":{"id":61941,"mag":2.74,"name":"Porrima"},"geometry":{"type":"Point","coordinates":[-169.5848,-1.4494]}},{"type":"Feature","properties":{"id":62322,"mag":3.04,"name":"β Mus"},"geometry":{"type":"Point","coordinates":[-168.43,-68.1081]}},{"type":"Feature","properties":{"id":62434,"mag":1.25,"name":"Mimosa"},"geometry":{"type":"Point","coordinates":[-168.0697,-59.6888]}},{"type":"Feature","properties":{"id":62956,"mag":1.76,"name":"Alioth"},"geometry":{"type":"Point","coordinates":[-166.4927,55.9598]}},{"type":"Feature","properties":{"id":63090,"mag":3.39,"name":"Auva"},"geometry":{"type":"Point","coordinates":[-166.0991,3.3975]}},{"type":"Feature","properties":{"id":63121,"mag":5.61,"name":"Cor Caroli"},"geometry":{"type":"Point","coordinates":[-165.9981,38.3149]}},{"type":"Feature","properties":{"id":63608,"mag":2.85,"name":"Vindemiatrix"},"geometry":{"type":"Point","coordinates":[-164.4558,10.9592]}},{"type":"Feature","properties":{"id":63613,"mag":3.61,"name":"δ Mus"},"geometry":{"type":"Point","coordinates":[-164.4322,-71.5489]}},{"type":"Feature","properties":{"id":64238,"mag":4.38,"name":"Apami-Atsa"},"geometry":{"type":"Point","coordinates":[-162.5125,-5.539]}},{"type":"Feature","properties":{"id":64241,"mag":4.32,"name":"Diadem"},"geometry":{"type":"Point","coordinates":[-162.503,17.5294]}},{"type":"Feature","properties":{"id":64394,"mag":4.23,"name":"Aldafirah"},"geometry":{"type":"Point","coordinates":[-162.0317,27.8782]}},{"type":"Feature","properties":{"id":64962,"mag":2.99,"name":"Cauda Hydrae"},"geometry":{"type":"Point","coordinates":[-160.2696,-23.1715]}},{"type":"Feature","properties":{"id":65109,"mag":2.75,"name":"Alhakim"},"geometry":{"type":"Point","coordinates":[-159.8508,-36.7123]}},{"type":"Feature","properties":{"id":65378,"mag":2.23,"name":"Miz0"},"geometry":{"type":"Point","coordinates":[-159.0186,54.9254]}},{"type":"Feature","properties":{"id":65474,"mag":0.98,"name":"Spica"},"geometry":{"type":"Point","coordinates":[-158.7018,-11.1613]}},{"type":"Feature","properties":{"id":66249,"mag":3.38,"name":"Heze"},"geometry":{"type":"Point","coordinates":[-156.3267,-0.5958]}},{"type":"Feature","properties":{"id":66657,"mag":2.29,"name":"Birdun"},"geometry":{"type":"Point","coordinates":[-155.0281,-53.4664]}},{"type":"Feature","properties":{"id":67275,"mag":4.5,"name":"τ Boo"},"geometry":{"type":"Point","coordinates":[-153.1844,17.4569]}},{"type":"Feature","properties":{"id":67301,"mag":1.85,"name":"Alkaid"},"geometry":{"type":"Point","coordinates":[-153.1148,49.3133]}},{"type":"Feature","properties":{"id":67464,"mag":3.41,"name":"Kabkent Secunda"},"geometry":{"type":"Point","coordinates":[-152.6238,-41.6877]}},{"type":"Feature","properties":{"id":67472,"mag":3.47,"name":"μ Cen"},"geometry":{"type":"Point","coordinates":[-152.5959,-42.4737]}},{"type":"Feature","properties":{"id":67927,"mag":2.68,"name":"Mufrid"},"geometry":{"type":"Point","coordinates":[-151.3288,18.3977]}},{"type":"Feature","properties":{"id":68002,"mag":2.55,"name":"Alnair"},"geometry":{"type":"Point","coordinates":[-151.1151,-47.2884]}},{"type":"Feature","properties":{"id":68520,"mag":4.23,"name":"τ Vir"},"geometry":{"type":"Point","coordinates":[-149.5884,1.5445]}},{"type":"Feature","properties":{"id":68702,"mag":0.61,"name":"Hadar"},"geometry":{"type":"Point","coordinates":[-149.0441,-60.373]}},{"type":"Feature","properties":{"id":68756,"mag":3.67,"name":"Thuban"},"geometry":{"type":"Point","coordinates":[-148.9027,64.3759]}},{"type":"Feature","properties":{"id":68895,"mag":3.25,"name":"Sataghni"},"geometry":{"type":"Point","coordinates":[-148.4071,-26.6824]}},{"type":"Feature","properties":{"id":68933,"mag":2.06,"name":"Menkent"},"geometry":{"type":"Point","coordinates":[-148.3294,-36.37]}},{"type":"Feature","properties":{"id":69481,"mag":6.62,"name":"Asellus Tertius"},"geometry":{"type":"Point","coordinates":[-146.6341,51.7879]}},{"type":"Feature","properties":{"id":69673,"mag":-0.05,"name":"Arcturus"},"geometry":{"type":"Point","coordinates":[-146.0847,19.1824]}},{"type":"Feature","properties":{"id":69701,"mag":4.07,"name":"Syrma"},"geometry":{"type":"Point","coordinates":[-145.9964,-6.0005]}},{"type":"Feature","properties":{"id":69732,"mag":4.18,"name":"Xuange"},"geometry":{"type":"Point","coordinates":[-145.9041,46.0883]}},{"type":"Feature","properties":{"id":70497,"mag":4.04,"name":"Asellus Primus"},"geometry":{"type":"Point","coordinates":[-143.7008,51.8507]}},{"type":"Feature","properties":{"id":70638,"mag":4.31,"name":"δ Oct"},"geometry":{"type":"Point","coordinates":[-143.2699,-83.6679]}},{"type":"Feature","properties":{"id":71053,"mag":3.57,"name":"Hemelein Prima"},"geometry":{"type":"Point","coordinates":[-142.0425,30.3714]}},{"type":"Feature","properties":{"id":71075,"mag":3.04,"name":"Seginus"},"geometry":{"type":"Point","coordinates":[-141.9805,38.3083]}},{"type":"Feature","properties":{"id":71352,"mag":2.33,"name":"η Cen"},"geometry":{"type":"Point","coordinates":[-141.1232,-42.1578]}},{"type":"Feature","properties":{"id":71681,"mag":1.35,"name":"Toliman"},"geometry":{"type":"Point","coordinates":[-140.1038,-60.8372]}},{"type":"Feature","properties":{"id":71795,"mag":3.78,"name":"ζ Boo"},"geometry":{"type":"Point","coordinates":[-139.7127,13.7283]}},{"type":"Feature","properties":{"id":71860,"mag":2.3,"name":"Kakkab"},"geometry":{"type":"Point","coordinates":[-139.5177,-47.3882]}},{"type":"Feature","properties":{"id":71908,"mag":3.18,"name":"α Cir"},"geometry":{"type":"Point","coordinates":[-139.3733,-64.9751]}},{"type":"Feature","properties":{"id":71957,"mag":3.87,"name":"Rijl al Awwa"},"geometry":{"type":"Point","coordinates":[-139.2349,-5.6582]}},{"type":"Feature","properties":{"id":72105,"mag":2.35,"name":"Izar"},"geometry":{"type":"Point","coordinates":[-138.7533,27.0742]}},{"type":"Feature","properties":{"id":72220,"mag":3.73,"name":"109 Vir"},"geometry":{"type":"Point","coordinates":[-138.4378,1.8929]}},{"type":"Feature","properties":{"id":72370,"mag":3.83,"name":"α Aps"},"geometry":{"type":"Point","coordinates":[-138.0345,-79.0448]}},{"type":"Feature","properties":{"id":72571,"mag":4.42,"name":"E Hya"},"geometry":{"type":"Point","coordinates":[-137.4279,-27.9604]}},{"type":"Feature","properties":{"id":72607,"mag":2.07,"name":"Kochab"},"geometry":{"type":"Point","coordinates":[-137.3236,74.1555]}},{"type":"Feature","properties":{"id":72622,"mag":2.75,"name":"Zuben Elgenubi"},"geometry":{"type":"Point","coordinates":[-137.2804,-16.0418]}},{"type":"Feature","properties":{"id":73273,"mag":2.68,"name":"Kekouan"},"geometry":{"type":"Point","coordinates":[-135.367,-43.134]}},{"type":"Feature","properties":{"id":73334,"mag":3.13,"name":"Ke Kwan"},"geometry":{"type":"Point","coordinates":[-135.2096,-42.1042]}},{"type":"Feature","properties":{"id":73555,"mag":3.49,"name":"Nekkar"},"geometry":{"type":"Point","coordinates":[-134.5135,40.3906]}},{"type":"Feature","properties":{"id":73714,"mag":3.25,"name":"Brachium"},"geometry":{"type":"Point","coordinates":[-133.9824,-25.282]}},{"type":"Feature","properties":{"id":74395,"mag":3.41,"name":"ζ Lup"},"geometry":{"type":"Point","coordinates":[-131.9288,-52.0992]}},{"type":"Feature","properties":{"id":74666,"mag":3.46,"name":"Princeps"},"geometry":{"type":"Point","coordinates":[-131.1243,33.3148]}},{"type":"Feature","properties":{"id":74785,"mag":2.61,"name":"Zubeneshamali"},"geometry":{"type":"Point","coordinates":[-130.7483,-9.3829]}},{"type":"Feature","properties":{"id":74824,"mag":4.07,"name":"β Cir"},"geometry":{"type":"Point","coordinates":[-130.6215,-58.8012]}},{"type":"Feature","properties":{"id":74911,"mag":4.27,"name":"μ Lup"},"geometry":{"type":"Point","coordinates":[-130.3666,-47.8753]}},{"type":"Feature","properties":{"id":74946,"mag":2.87,"name":"γ TrA"},"geometry":{"type":"Point","coordinates":[-130.2726,-68.6795]}},{"type":"Feature","properties":{"id":75097,"mag":3,"name":"Pherkad"},"geometry":{"type":"Point","coordinates":[-129.8179,71.834]}},{"type":"Feature","properties":{"id":75141,"mag":3.22,"name":"Hilasmus"},"geometry":{"type":"Point","coordinates":[-129.657,-40.6475]}},{"type":"Feature","properties":{"id":75177,"mag":3.57,"name":"φ1 Lup"},"geometry":{"type":"Point","coordinates":[-129.5485,-36.2614]}},{"type":"Feature","properties":{"id":75264,"mag":3.37,"name":"ε Lup"},"geometry":{"type":"Point","coordinates":[-129.3297,-44.6896]}},{"type":"Feature","properties":{"id":75323,"mag":4.48,"name":"γ Cir"},"geometry":{"type":"Point","coordinates":[-129.1556,-59.3208]}},{"type":"Feature","properties":{"id":75458,"mag":3.29,"name":"Edasich"},"geometry":{"type":"Point","coordinates":[-128.7676,58.9661]}},{"type":"Feature","properties":{"id":75695,"mag":3.66,"name":"Nusakan"},"geometry":{"type":"Point","coordinates":[-128.0428,29.1057]}},{"type":"Feature","properties":{"id":76127,"mag":4.14,"name":"θ CrB"},"geometry":{"type":"Point","coordinates":[-126.7676,31.3591]}},{"type":"Feature","properties":{"id":76267,"mag":2.22,"name":"Alphecca"},"geometry":{"type":"Point","coordinates":[-126.328,26.7147]}},{"type":"Feature","properties":{"id":76276,"mag":3.8,"name":"Qin"},"geometry":{"type":"Point","coordinates":[-126.2994,10.5389]}},{"type":"Feature","properties":{"id":76297,"mag":2.8,"name":"Thusia"},"geometry":{"type":"Point","coordinates":[-126.2148,-41.1668]}},{"type":"Feature","properties":{"id":76333,"mag":3.91,"name":"Zubenelakrab"},"geometry":{"type":"Point","coordinates":[-126.1184,-14.7895]}},{"type":"Feature","properties":{"id":76470,"mag":3.6,"name":"υ Lib"},"geometry":{"type":"Point","coordinates":[-125.744,-28.1351]}},{"type":"Feature","properties":{"id":76600,"mag":3.66,"name":"τ Lib"},"geometry":{"type":"Point","coordinates":[-125.336,-29.7778]}},{"type":"Feature","properties":{"id":76705,"mag":4.66,"name":"ψ1 Lup"},"geometry":{"type":"Point","coordinates":[-125.0584,-34.4119]}},{"type":"Feature","properties":{"id":76852,"mag":4.51,"name":"ι Ser"},"geometry":{"type":"Point","coordinates":[-124.6123,19.6704]}},{"type":"Feature","properties":{"id":76952,"mag":3.81,"name":"γ CrB"},"geometry":{"type":"Point","coordinates":[-124.3143,26.2956]}},{"type":"Feature","properties":{"id":77055,"mag":4.29,"name":"Alifa Al Farkadain"},"geometry":{"type":"Point","coordinates":[-123.9853,77.7945]}},{"type":"Feature","properties":{"id":77070,"mag":2.63,"name":"Unukalhai"},"geometry":{"type":"Point","coordinates":[-123.933,6.4256]}},{"type":"Feature","properties":{"id":77233,"mag":3.65,"name":"Chow"},"geometry":{"type":"Point","coordinates":[-123.4531,15.4218]}},{"type":"Feature","properties":{"id":77450,"mag":4.09,"name":"Gudja"},"geometry":{"type":"Point","coordinates":[-122.8151,18.1416]}},{"type":"Feature","properties":{"id":77512,"mag":4.59,"name":"δ CrB"},"geometry":{"type":"Point","coordinates":[-122.6015,26.0684]}},{"type":"Feature","properties":{"id":77622,"mag":3.71,"name":"Nulla Pambu"},"geometry":{"type":"Point","coordinates":[-122.296,4.4777]}},{"type":"Feature","properties":{"id":77634,"mag":3.97,"name":"χ Lup"},"geometry":{"type":"Point","coordinates":[-122.2603,-33.6272]}},{"type":"Feature","properties":{"id":77760,"mag":4.6,"name":"χ Her"},"geometry":{"type":"Point","coordinates":[-121.8311,42.4515]}},{"type":"Feature","properties":{"id":77952,"mag":2.83,"name":"β TrA"},"geometry":{"type":"Point","coordinates":[-121.2143,-63.4307]}},{"type":"Feature","properties":{"id":78072,"mag":3.85,"name":"Ainalhai"},"geometry":{"type":"Point","coordinates":[-120.8867,15.6616]}},{"type":"Feature","properties":{"id":78159,"mag":4.14,"name":"ε CrB"},"geometry":{"type":"Point","coordinates":[-120.6031,26.8779]}},{"type":"Feature","properties":{"id":78265,"mag":2.89,"name":"Fang"},"geometry":{"type":"Point","coordinates":[-120.287,-26.1141]}},{"type":"Feature","properties":{"id":78384,"mag":3.42,"name":"η Lup"},"geometry":{"type":"Point","coordinates":[-119.9695,-38.3967]}},{"type":"Feature","properties":{"id":78401,"mag":2.29,"name":"Dschubba"},"geometry":{"type":"Point","coordinates":[-119.9166,-22.6217]}},{"type":"Feature","properties":{"id":78493,"mag":4.98,"name":"ι CrB"},"geometry":{"type":"Point","coordinates":[-119.6393,29.8511]}},{"type":"Feature","properties":{"id":78527,"mag":4.01,"name":"θ Dra"},"geometry":{"type":"Point","coordinates":[-119.5277,58.5653]}},{"type":"Feature","properties":{"id":78639,"mag":4.65,"name":"η Nor"},"geometry":{"type":"Point","coordinates":[-119.1963,-49.2297]}},{"type":"Feature","properties":{"id":78820,"mag":2.56,"name":"Graffias"},"geometry":{"type":"Point","coordinates":[-118.6407,-19.8055]}},{"type":"Feature","properties":{"id":78914,"mag":4.73,"name":"δ Nor"},"geometry":{"type":"Point","coordinates":[-118.3773,-45.1732]}},{"type":"Feature","properties":{"id":78918,"mag":4.22,"name":"θ Lup"},"geometry":{"type":"Point","coordinates":[-118.3519,-36.8023]}},{"type":"Feature","properties":{"id":79101,"mag":4.23,"name":"φ Her"},"geometry":{"type":"Point","coordinates":[-117.8076,44.9349]}},{"type":"Feature","properties":{"id":79593,"mag":2.73,"name":"Yed Prior"},"geometry":{"type":"Point","coordinates":[-116.4136,-3.6943]}},{"type":"Feature","properties":{"id":79822,"mag":4.95,"name":"Anwar al Farkadain"},"geometry":{"type":"Point","coordinates":[-115.6238,75.7553]}},{"type":"Feature","properties":{"id":79882,"mag":3.23,"name":"Yed Posterior"},"geometry":{"type":"Point","coordinates":[-115.4196,-4.6925]}},{"type":"Feature","properties":{"id":79992,"mag":3.91,"name":"Rukbalgethi Shemali"},"geometry":{"type":"Point","coordinates":[-115.0648,46.3134]}},{"type":"Feature","properties":{"id":80000,"mag":4.01,"name":"γ2 Nor"},"geometry":{"type":"Point","coordinates":[-115.0399,-50.1555]}},{"type":"Feature","properties":{"id":80047,"mag":4.68,"name":"δ1 Aps"},"geometry":{"type":"Point","coordinates":[-114.9133,-78.6957]}},{"type":"Feature","properties":{"id":80112,"mag":2.9,"name":"Alniyat"},"geometry":{"type":"Point","coordinates":[-114.7028,-25.5928]}},{"type":"Feature","properties":{"id":80170,"mag":3.74,"name":"γ Her"},"geometry":{"type":"Point","coordinates":[-114.5199,19.1531]}},{"type":"Feature","properties":{"id":80331,"mag":2.73,"name":"Aldhibain"},"geometry":{"type":"Point","coordinates":[-114.0021,61.5142]}},{"type":"Feature","properties":{"id":80343,"mag":4.48,"name":"ψ Oph"},"geometry":{"type":"Point","coordinates":[-113.9742,-20.0373]}},{"type":"Feature","properties":{"id":80473,"mag":4.57,"name":"ρ Oph"},"geometry":{"type":"Point","coordinates":[-113.6037,-23.4472]}},{"type":"Feature","properties":{"id":80569,"mag":4.22,"name":"χ Oph"},"geometry":{"type":"Point","coordinates":[-113.244,-18.4563]}},{"type":"Feature","properties":{"id":80582,"mag":4.46,"name":"ε Nor"},"geometry":{"type":"Point","coordinates":[-113.204,-47.5548]}},{"type":"Feature","properties":{"id":80763,"mag":1.06,"name":"Antares"},"geometry":{"type":"Point","coordinates":[-112.6481,-26.432]}},{"type":"Feature","properties":{"id":80816,"mag":2.78,"name":"Kornephoros"},"geometry":{"type":"Point","coordinates":[-112.445,21.4896]}},{"type":"Feature","properties":{"id":80883,"mag":3.82,"name":"Marfik"},"geometry":{"type":"Point","coordinates":[-112.2716,1.9839]}},{"type":"Feature","properties":{"id":80894,"mag":4.29,"name":"φ Oph"},"geometry":{"type":"Point","coordinates":[-112.2151,-16.6127]}},{"type":"Feature","properties":{"id":81065,"mag":3.86,"name":"γ Aps"},"geometry":{"type":"Point","coordinates":[-111.6372,-78.8971]}},{"type":"Feature","properties":{"id":81126,"mag":4.2,"name":"σ Her"},"geometry":{"type":"Point","coordinates":[-111.4742,42.437]}},{"type":"Feature","properties":{"id":81266,"mag":2.82,"name":"Paikauhale"},"geometry":{"type":"Point","coordinates":[-111.0294,-28.216]}},{"type":"Feature","properties":{"id":81377,"mag":2.54,"name":"Han"},"geometry":{"type":"Point","coordinates":[-110.7103,-10.5671]}},{"type":"Feature","properties":{"id":81693,"mag":2.81,"name":"Rutilicus"},"geometry":{"type":"Point","coordinates":[-109.6785,31.6027]}},{"type":"Feature","properties":{"id":81833,"mag":3.48,"name":"Sofian"},"geometry":{"type":"Point","coordinates":[-109.276,38.9223]}},{"type":"Feature","properties":{"id":81852,"mag":4.23,"name":"β Aps"},"geometry":{"type":"Point","coordinates":[-109.2306,-77.5174]}},{"type":"Feature","properties":{"id":82080,"mag":4.21,"name":"Urodelus"},"geometry":{"type":"Point","coordinates":[-108.5073,82.0373]}},{"type":"Feature","properties":{"id":82273,"mag":1.91,"name":"Atria"},"geometry":{"type":"Point","coordinates":[-107.8338,-69.0277]}},{"type":"Feature","properties":{"id":82363,"mag":3.77,"name":"η Ara"},"geometry":{"type":"Point","coordinates":[-107.5535,-59.0414]}},{"type":"Feature","properties":{"id":82396,"mag":2.29,"name":"Wei"},"geometry":{"type":"Point","coordinates":[-107.4591,-34.2932]}},{"type":"Feature","properties":{"id":82514,"mag":3,"name":"Xamidimura"},"geometry":{"type":"Point","coordinates":[-107.0324,-38.0474]}},{"type":"Feature","properties":{"id":82729,"mag":3.62,"name":"Grafias"},"geometry":{"type":"Point","coordinates":[-106.3541,-42.3613]}},{"type":"Feature","properties":{"id":83000,"mag":3.19,"name":"Helkath"},"geometry":{"type":"Point","coordinates":[-105.5829,9.375]}},{"type":"Feature","properties":{"id":83081,"mag":3.12,"name":"ζ Ara"},"geometry":{"type":"Point","coordinates":[-105.345,-55.9901]}},{"type":"Feature","properties":{"id":83153,"mag":4.06,"name":"ε1 Ara"},"geometry":{"type":"Point","coordinates":[-105.104,-53.1604]}},{"type":"Feature","properties":{"id":83207,"mag":3.92,"name":"Kajam epsHer"},"geometry":{"type":"Point","coordinates":[-104.9276,30.9264]}},{"type":"Feature","properties":{"id":83895,"mag":3.17,"name":"Nodus I"},"geometry":{"type":"Point","coordinates":[-102.8034,65.7147]}},{"type":"Feature","properties":{"id":84012,"mag":2.43,"name":"Sabik"},"geometry":{"type":"Point","coordinates":[-102.4055,-15.7249]}},{"type":"Feature","properties":{"id":84143,"mag":3.32,"name":"η Sco"},"geometry":{"type":"Point","coordinates":[-101.9617,-43.2392]}},{"type":"Feature","properties":{"id":84345,"mag":2.78,"name":"Ras Algethi"},"geometry":{"type":"Point","coordinates":[-101.3381,14.3903]}},{"type":"Feature","properties":{"id":84379,"mag":3.12,"name":"Sarin"},"geometry":{"type":"Point","coordinates":[-101.242,24.8392]}},{"type":"Feature","properties":{"id":84380,"mag":3.16,"name":"Fudail"},"geometry":{"type":"Point","coordinates":[-101.2382,36.8092]}},{"type":"Feature","properties":{"id":84970,"mag":3.27,"name":"Imad"},"geometry":{"type":"Point","coordinates":[-99.4976,-24.9995]}},{"type":"Feature","properties":{"id":85112,"mag":4.15,"name":"ρ Her"},"geometry":{"type":"Point","coordinates":[-99.0794,37.1459]}},{"type":"Feature","properties":{"id":85258,"mag":2.84,"name":"β Ara"},"geometry":{"type":"Point","coordinates":[-98.675,-55.5299]}},{"type":"Feature","properties":{"id":85267,"mag":3.31,"name":"γ Ara"},"geometry":{"type":"Point","coordinates":[-98.6514,-56.3777]}},{"type":"Feature","properties":{"id":85423,"mag":4.28,"name":"d Oph"},"geometry":{"type":"Point","coordinates":[-98.1614,-29.867]}},{"type":"Feature","properties":{"id":85670,"mag":2.79,"name":"Alwaid"},"geometry":{"type":"Point","coordinates":[-97.3918,52.3014]}},{"type":"Feature","properties":{"id":85727,"mag":3.6,"name":"δ Ara"},"geometry":{"type":"Point","coordinates":[-97.2254,-60.6838]}},{"type":"Feature","properties":{"id":85792,"mag":2.84,"name":"Ara"},"geometry":{"type":"Point","coordinates":[-97.0396,-49.8761]}},{"type":"Feature","properties":{"id":85822,"mag":4.35,"name":"Yildun"},"geometry":{"type":"Point","coordinates":[-96.9458,86.5865]}},{"type":"Feature","properties":{"id":85829,"mag":4.86,"name":"Kuma"},"geometry":{"type":"Point","coordinates":[-96.9332,55.173]}},{"type":"Feature","properties":{"id":85927,"mag":1.62,"name":"Shaula"},"geometry":{"type":"Point","coordinates":[-96.5978,-37.1038]}},{"type":"Feature","properties":{"id":86032,"mag":2.08,"name":"Rasalhague"},"geometry":{"type":"Point","coordinates":[-96.2664,12.56]}},{"type":"Feature","properties":{"id":86228,"mag":1.86,"name":"Sargas"},"geometry":{"type":"Point","coordinates":[-95.6703,-42.9978]}},{"type":"Feature","properties":{"id":86263,"mag":3.54,"name":"Nehushtan"},"geometry":{"type":"Point","coordinates":[-95.6033,-15.3986]}},{"type":"Feature","properties":{"id":86670,"mag":2.39,"name":"Girtab"},"geometry":{"type":"Point","coordinates":[-94.378,-39.03]}},{"type":"Feature","properties":{"id":86742,"mag":2.76,"name":"Celbalrai"},"geometry":{"type":"Point","coordinates":[-94.1319,4.5673]}},{"type":"Feature","properties":{"id":86929,"mag":3.61,"name":"η Pav"},"geometry":{"type":"Point","coordinates":[-93.5667,-64.7239]}},{"type":"Feature","properties":{"id":86974,"mag":3.42,"name":"Melkarth"},"geometry":{"type":"Point","coordinates":[-93.3853,27.7207]}},{"type":"Feature","properties":{"id":87073,"mag":2.99,"name":"Girtab"},"geometry":{"type":"Point","coordinates":[-93.1038,-40.127]}},{"type":"Feature","properties":{"id":87108,"mag":3.75,"name":"Al Durajah"},"geometry":{"type":"Point","coordinates":[-93.0268,2.7073]}},{"type":"Feature","properties":{"id":87585,"mag":3.73,"name":"Grumium"},"geometry":{"type":"Point","coordinates":[-91.6178,56.8726]}},{"type":"Feature","properties":{"id":87808,"mag":3.86,"name":"Rukbalgethi Genubi"},"geometry":{"type":"Point","coordinates":[-90.9367,37.2505]}},{"type":"Feature","properties":{"id":87833,"mag":2.24,"name":"Eltanin"},"geometry":{"type":"Point","coordinates":[-90.8485,51.4889]}},{"type":"Feature","properties":{"id":87933,"mag":3.7,"name":"ξ Her"},"geometry":{"type":"Point","coordinates":[-90.5588,29.2479]}},{"type":"Feature","properties":{"id":88048,"mag":3.32,"name":"Sinistra"},"geometry":{"type":"Point","coordinates":[-90.2434,-9.7736]}},{"type":"Feature","properties":{"id":88404,"mag":4.77,"name":"τ Oph"},"geometry":{"type":"Point","coordinates":[-89.2295,-8.1803]}},{"type":"Feature","properties":{"id":88635,"mag":2.98,"name":"Alnasl"},"geometry":{"type":"Point","coordinates":[-88.548,-30.4241]}},{"type":"Feature","properties":{"id":88794,"mag":3.84,"name":"ο Her"},"geometry":{"type":"Point","coordinates":[-88.1144,28.7625]}},{"type":"Feature","properties":{"id":88866,"mag":4.33,"name":"π Pav"},"geometry":{"type":"Point","coordinates":[-87.8549,-63.6686]}},{"type":"Feature","properties":{"id":89112,"mag":4.52,"name":"ε Tel"},"geometry":{"type":"Point","coordinates":[-87.1927,-45.9544]}},{"type":"Feature","properties":{"id":89341,"mag":3.84,"name":"Polis"},"geometry":{"type":"Point","coordinates":[-86.5591,-21.0588]}},{"type":"Feature","properties":{"id":89642,"mag":3.1,"name":"Sephdar"},"geometry":{"type":"Point","coordinates":[-85.5932,-36.7617]}},{"type":"Feature","properties":{"id":89908,"mag":4.22,"name":"Batentaban Australis"},"geometry":{"type":"Point","coordinates":[-84.8107,71.3378]}},{"type":"Feature","properties":{"id":89931,"mag":2.72,"name":"Kaus Media"},"geometry":{"type":"Point","coordinates":[-84.7515,-29.8281]}},{"type":"Feature","properties":{"id":89937,"mag":3.55,"name":"Batentaban Borealis"},"geometry":{"type":"Point","coordinates":[-84.7359,72.7328]}},{"type":"Feature","properties":{"id":89962,"mag":3.23,"name":"Tang"},"geometry":{"type":"Point","coordinates":[-84.6725,-2.8988]}},{"type":"Feature","properties":{"id":90098,"mag":4.35,"name":"ξ Pav"},"geometry":{"type":"Point","coordinates":[-84.1932,-61.4939]}},{"type":"Feature","properties":{"id":90185,"mag":1.79,"name":"Kaus Australis"},"geometry":{"type":"Point","coordinates":[-83.957,-34.3846]}},{"type":"Feature","properties":{"id":90422,"mag":3.49,"name":"α Tel"},"geometry":{"type":"Point","coordinates":[-83.2566,-45.9685]}},{"type":"Feature","properties":{"id":90496,"mag":2.82,"name":"Kaus Borealis"},"geometry":{"type":"Point","coordinates":[-83.0073,-25.4217]}},{"type":"Feature","properties":{"id":90568,"mag":4.1,"name":"ζ Tel"},"geometry":{"type":"Point","coordinates":[-82.7923,-49.0706]}},{"type":"Feature","properties":{"id":90595,"mag":4.67,"name":"γ Sct"},"geometry":{"type":"Point","coordinates":[-82.7006,-14.5658]}},{"type":"Feature","properties":{"id":90982,"mag":4.62,"name":"θ CrA"},"geometry":{"type":"Point","coordinates":[-81.6242,-42.3125]}},{"type":"Feature","properties":{"id":91117,"mag":3.85,"name":"α Sct"},"geometry":{"type":"Point","coordinates":[-81.1982,-8.2441]}},{"type":"Feature","properties":{"id":91262,"mag":0.03,"name":"Vega"},"geometry":{"type":"Point","coordinates":[-80.7653,38.7837]}},{"type":"Feature","properties":{"id":91726,"mag":4.7,"name":"δ Sct"},"geometry":{"type":"Point","coordinates":[-79.4316,-9.0525]}},{"type":"Feature","properties":{"id":91792,"mag":4.01,"name":"ζ Pav"},"geometry":{"type":"Point","coordinates":[-79.2411,-71.4281]}},{"type":"Feature","properties":{"id":91926,"mag":4.59,"name":"ε2 Lyr"},"geometry":{"type":"Point","coordinates":[-78.9051,39.6127]}},{"type":"Feature","properties":{"id":91971,"mag":4.34,"name":"Nasr Alwaki"},"geometry":{"type":"Point","coordinates":[-78.8068,37.6051]}},{"type":"Feature","properties":{"id":92041,"mag":3.17,"name":"Nanto"},"geometry":{"type":"Point","coordinates":[-78.5859,-26.9908]}},{"type":"Feature","properties":{"id":92175,"mag":4.22,"name":"β Sct"},"geometry":{"type":"Point","coordinates":[-78.2064,-4.7479]}},{"type":"Feature","properties":{"id":92382,"mag":5.6,"name":"η2 CrA"},"geometry":{"type":"Point","coordinates":[-77.6042,-43.4341]}},{"type":"Feature","properties":{"id":92420,"mag":3.52,"name":"Sheliak"},"geometry":{"type":"Point","coordinates":[-77.48,33.3627]}},{"type":"Feature","properties":{"id":92609,"mag":4.22,"name":"λ Pav"},"geometry":{"type":"Point","coordinates":[-76.9457,-62.1876]}},{"type":"Feature","properties":{"id":92761,"mag":4.86,"name":"Ainalrami"},"geometry":{"type":"Point","coordinates":[-76.4576,-22.7448]}},{"type":"Feature","properties":{"id":92791,"mag":4.22,"name":"δ2 Lyr"},"geometry":{"type":"Point","coordinates":[-76.3738,36.8986]}},{"type":"Feature","properties":{"id":92855,"mag":2.05,"name":"Nunki"},"geometry":{"type":"Point","coordinates":[-76.1836,-26.2967]}},{"type":"Feature","properties":{"id":92946,"mag":4.62,"name":"Alya"},"geometry":{"type":"Point","coordinates":[-75.9451,4.2036]}},{"type":"Feature","properties":{"id":93085,"mag":3.52,"name":"ξ2 Sgr"},"geometry":{"type":"Point","coordinates":[-75.5675,-21.1067]}},{"type":"Feature","properties":{"id":93174,"mag":4.83,"name":"ε CrA"},"geometry":{"type":"Point","coordinates":[-75.3193,-37.1074]}},{"type":"Feature","properties":{"id":93194,"mag":3.25,"name":"Sulaphat"},"geometry":{"type":"Point","coordinates":[-75.2641,32.6896]}},{"type":"Feature","properties":{"id":93506,"mag":2.6,"name":"Ascella"},"geometry":{"type":"Point","coordinates":[-74.347,-29.8801]}},{"type":"Feature","properties":{"id":93542,"mag":4.74,"name":"ζ CrA"},"geometry":{"type":"Point","coordinates":[-74.2213,-42.0951]}},{"type":"Feature","properties":{"id":93683,"mag":3.76,"name":"Manubrium"},"geometry":{"type":"Point","coordinates":[-73.8292,-21.7415]}},{"type":"Feature","properties":{"id":93747,"mag":2.99,"name":"Deneb el Okab Australis"},"geometry":{"type":"Point","coordinates":[-73.6475,13.8635]}},{"type":"Feature","properties":{"id":93805,"mag":3.43,"name":"Al Thalimaim Anterior"},"geometry":{"type":"Point","coordinates":[-73.4378,-4.8826]}},{"type":"Feature","properties":{"id":93825,"mag":4.23,"name":"γ CrA"},"geometry":{"type":"Point","coordinates":[-73.3954,-37.0634]}},{"type":"Feature","properties":{"id":93864,"mag":3.32,"name":"Hecatebolus"},"geometry":{"type":"Point","coordinates":[-73.265,-27.6704]}},{"type":"Feature","properties":{"id":94005,"mag":4.57,"name":"δ CrA"},"geometry":{"type":"Point","coordinates":[-72.9126,-40.4967]}},{"type":"Feature","properties":{"id":94114,"mag":4.11,"name":"Alfecca Meridiana"},"geometry":{"type":"Point","coordinates":[-72.6319,-37.9045]}},{"type":"Feature","properties":{"id":94141,"mag":2.88,"name":"Albaldah"},"geometry":{"type":"Point","coordinates":[-72.559,-21.0236]}},{"type":"Feature","properties":{"id":94160,"mag":4.1,"name":"β CrA"},"geometry":{"type":"Point","coordinates":[-72.4927,-39.3408]}},{"type":"Feature","properties":{"id":94376,"mag":3.07,"name":"Nodus II"},"geometry":{"type":"Point","coordinates":[-71.8612,67.6615]}},{"type":"Feature","properties":{"id":94643,"mag":4.86,"name":"Al Kiladah"},"geometry":{"type":"Point","coordinates":[-71.1149,-25.2567]}},{"type":"Feature","properties":{"id":94703,"mag":4.76,"name":"1 Vul"},"geometry":{"type":"Point","coordinates":[-70.9457,21.3904]}},{"type":"Feature","properties":{"id":94779,"mag":3.8,"name":"Fawaris"},"geometry":{"type":"Point","coordinates":[-70.7243,53.3685]}},{"type":"Feature","properties":{"id":94820,"mag":4.88,"name":"d Sgr"},"geometry":{"type":"Point","coordinates":[-70.5913,-18.9529]}},{"type":"Feature","properties":{"id":95168,"mag":3.92,"name":"ρ1 Sgr"},"geometry":{"type":"Point","coordinates":[-69.5818,-17.8472]}},{"type":"Feature","properties":{"id":95176,"mag":4.52,"name":"υ Sgr"},"geometry":{"type":"Point","coordinates":[-69.5682,-15.955]}},{"type":"Feature","properties":{"id":95241,"mag":3.96,"name":"Arkab Prior"},"geometry":{"type":"Point","coordinates":[-69.3404,-44.459]}},{"type":"Feature","properties":{"id":95347,"mag":3.96,"name":"Rukbat"},"geometry":{"type":"Point","coordinates":[-69.0284,-40.6159]}},{"type":"Feature","properties":{"id":95477,"mag":5.02,"name":"χ1 Sgr"},"geometry":{"type":"Point","coordinates":[-68.6813,-24.5086]}},{"type":"Feature","properties":{"id":95501,"mag":3.36,"name":"Delta Aquilae"},"geometry":{"type":"Point","coordinates":[-68.6254,3.1148]}},{"type":"Feature","properties":{"id":95771,"mag":4.44,"name":"Anser"},"geometry":{"type":"Point","coordinates":[-67.8236,24.6649]}},{"type":"Feature","properties":{"id":95853,"mag":3.76,"name":"ι Cyg"},"geometry":{"type":"Point","coordinates":[-67.5735,51.7298]}},{"type":"Feature","properties":{"id":95947,"mag":3.05,"name":"Albireo"},"geometry":{"type":"Point","coordinates":[-67.3197,27.9597]}},{"type":"Feature","properties":{"id":96465,"mag":4.59,"name":"h2 Sgr"},"geometry":{"type":"Point","coordinates":[-65.8232,-24.8836]}},{"type":"Feature","properties":{"id":96757,"mag":4.39,"name":"Sham"},"geometry":{"type":"Point","coordinates":[-64.9759,18.0139]}},{"type":"Feature","properties":{"id":96837,"mag":4.39,"name":"β Sge"},"geometry":{"type":"Point","coordinates":[-64.7378,17.476]}},{"type":"Feature","properties":{"id":97165,"mag":2.86,"name":"Ruc"},"geometry":{"type":"Point","coordinates":[-63.7563,45.1308]}},{"type":"Feature","properties":{"id":97278,"mag":2.72,"name":"Tarazed"},"geometry":{"type":"Point","coordinates":[-63.4351,10.6133]}},{"type":"Feature","properties":{"id":97365,"mag":3.68,"name":"δ Sge"},"geometry":{"type":"Point","coordinates":[-63.1531,18.5343]}},{"type":"Feature","properties":{"id":97433,"mag":3.84,"name":"Tyl"},"geometry":{"type":"Point","coordinates":[-62.9569,70.2679]}},{"type":"Feature","properties":{"id":97649,"mag":0.76,"name":"Altair"},"geometry":{"type":"Point","coordinates":[-62.3042,8.8683]}},{"type":"Feature","properties":{"id":97804,"mag":3.87,"name":"Bazak"},"geometry":{"type":"Point","coordinates":[-61.8818,1.0057]}},{"type":"Feature","properties":{"id":97886,"mag":4.57,"name":"13 Vul"},"geometry":{"type":"Point","coordinates":[-61.6346,24.0796]}},{"type":"Feature","properties":{"id":98032,"mag":4.12,"name":"ι Sgr"},"geometry":{"type":"Point","coordinates":[-61.1846,-41.8683]}},{"type":"Feature","properties":{"id":98036,"mag":3.71,"name":"Alshain"},"geometry":{"type":"Point","coordinates":[-61.1717,6.4068]}},{"type":"Feature","properties":{"id":98066,"mag":4.7,"name":"Terebellium"},"geometry":{"type":"Point","coordinates":[-61.0402,-26.2995]}},{"type":"Feature","properties":{"id":98110,"mag":3.89,"name":"η Cyg"},"geometry":{"type":"Point","coordinates":[-60.9235,35.0834]}},{"type":"Feature","properties":{"id":98337,"mag":3.51,"name":"γ Sge"},"geometry":{"type":"Point","coordinates":[-60.3107,19.4921]}},{"type":"Feature","properties":{"id":98412,"mag":4.37,"name":"θ1 Sgr"},"geometry":{"type":"Point","coordinates":[-60.0659,-35.2763]}},{"type":"Feature","properties":{"id":98495,"mag":3.97,"name":"ε Pav"},"geometry":{"type":"Point","coordinates":[-59.8519,-72.9105]}},{"type":"Feature","properties":{"id":98543,"mag":4.66,"name":"15 Vul"},"geometry":{"type":"Point","coordinates":[-59.7248,27.7536]}},{"type":"Feature","properties":{"id":99240,"mag":3.55,"name":"δ Pav"},"geometry":{"type":"Point","coordinates":[-57.8183,-66.1821]}},{"type":"Feature","properties":{"id":99473,"mag":3.24,"name":"Tseen Foo"},"geometry":{"type":"Point","coordinates":[-57.1738,-0.8215]}},{"type":"Feature","properties":{"id":99874,"mag":4.5,"name":"23 Vul"},"geometry":{"type":"Point","coordinates":[-56.0578,27.8142]}},{"type":"Feature","properties":{"id":100027,"mag":4.3,"name":"Algedi"},"geometry":{"type":"Point","coordinates":[-55.588,-12.5082]}},{"type":"Feature","properties":{"id":100345,"mag":3.05,"name":"Dabih"},"geometry":{"type":"Point","coordinates":[-54.7472,-14.7814]}},{"type":"Feature","properties":{"id":100453,"mag":2.23,"name":"Sador"},"geometry":{"type":"Point","coordinates":[-54.4429,40.2567]}},{"type":"Feature","properties":{"id":100751,"mag":1.94,"name":"Peacock"},"geometry":{"type":"Point","coordinates":[-53.5881,-56.7351]}},{"type":"Feature","properties":{"id":101027,"mag":4.77,"name":"Bos"},"geometry":{"type":"Point","coordinates":[-52.7849,-17.8137]}},{"type":"Feature","properties":{"id":101093,"mag":4.21,"name":"Alkidr"},"geometry":{"type":"Point","coordinates":[-52.6046,62.9941]}},{"type":"Feature","properties":{"id":101421,"mag":4.03,"name":"Deneb Dulphim"},"geometry":{"type":"Point","coordinates":[-51.6968,11.3033]}},{"type":"Feature","properties":{"id":101769,"mag":3.64,"name":"Rotanev"},"geometry":{"type":"Point","coordinates":[-50.6127,14.5951]}},{"type":"Feature","properties":{"id":101772,"mag":3.11,"name":"Persian"},"geometry":{"type":"Point","coordinates":[-50.6082,-47.2915]}},{"type":"Feature","properties":{"id":101958,"mag":3.77,"name":"Sualocin"},"geometry":{"type":"Point","coordinates":[-50.0905,15.9121]}},{"type":"Feature","properties":{"id":102098,"mag":1.25,"name":"Deneb"},"geometry":{"type":"Point","coordinates":[-49.642,45.2803]}},{"type":"Feature","properties":{"id":102281,"mag":4.43,"name":"Al Ukud"},"geometry":{"type":"Point","coordinates":[-49.1353,15.0746]}},{"type":"Feature","properties":{"id":102333,"mag":4.51,"name":"η Ind"},"geometry":{"type":"Point","coordinates":[-48.9903,-51.921]}},{"type":"Feature","properties":{"id":102395,"mag":3.42,"name":"β Pav"},"geometry":{"type":"Point","coordinates":[-48.7604,-66.2032]}},{"type":"Feature","properties":{"id":102422,"mag":3.41,"name":"Alagemin"},"geometry":{"type":"Point","coordinates":[-48.6776,61.8388]}},{"type":"Feature","properties":{"id":102485,"mag":4.13,"name":"Pazan"},"geometry":{"type":"Point","coordinates":[-48.4761,-25.2709]}},{"type":"Feature","properties":{"id":102488,"mag":2.48,"name":"Gienah Cygni"},"geometry":{"type":"Point","coordinates":[-48.4472,33.9703]}},{"type":"Feature","properties":{"id":102531,"mag":5.15,"name":"γ1 Del"},"geometry":{"type":"Point","coordinates":[-48.3381,16.1241]}},{"type":"Feature","properties":{"id":102618,"mag":3.78,"name":"Albali"},"geometry":{"type":"Point","coordinates":[-48.081,-9.4958]}},{"type":"Feature","properties":{"id":102693,"mag":5.11,"name":"ι Mic"},"geometry":{"type":"Point","coordinates":[-47.8786,-43.9885]}},{"type":"Feature","properties":{"id":102831,"mag":4.89,"name":"α Mic"},"geometry":{"type":"Point","coordinates":[-47.508,-33.7797]}},{"type":"Feature","properties":{"id":102978,"mag":4.12,"name":"Baten Algiedi"},"geometry":{"type":"Point","coordinates":[-47.0446,-26.9191]}},{"type":"Feature","properties":{"id":103045,"mag":4.73,"name":"Albulan"},"geometry":{"type":"Point","coordinates":[-46.8365,-8.9833]}},{"type":"Feature","properties":{"id":103227,"mag":3.67,"name":"β Ind"},"geometry":{"type":"Point","coordinates":[-46.2975,-58.4542]}},{"type":"Feature","properties":{"id":103738,"mag":4.67,"name":"γ Mic"},"geometry":{"type":"Point","coordinates":[-44.6772,-32.2578]}},{"type":"Feature","properties":{"id":104139,"mag":4.08,"name":"Dorsum"},"geometry":{"type":"Point","coordinates":[-43.5132,-17.2329]}},{"type":"Feature","properties":{"id":104521,"mag":4.7,"name":"γ Equ"},"geometry":{"type":"Point","coordinates":[-42.4146,10.1316]}},{"type":"Feature","properties":{"id":104732,"mag":3.21,"name":"ζ Cyg"},"geometry":{"type":"Point","coordinates":[-41.7659,30.2269]}},{"type":"Feature","properties":{"id":104858,"mag":4.47,"name":"δ Equ"},"geometry":{"type":"Point","coordinates":[-41.3799,10.007]}},{"type":"Feature","properties":{"id":104987,"mag":3.92,"name":"Kitalpha"},"geometry":{"type":"Point","coordinates":[-41.044,5.2478]}},{"type":"Feature","properties":{"id":105140,"mag":4.71,"name":"ε Mic"},"geometry":{"type":"Point","coordinates":[-40.5155,-32.1725]}},{"type":"Feature","properties":{"id":105199,"mag":2.45,"name":"Alderamin"},"geometry":{"type":"Point","coordinates":[-40.3551,62.5856]}},{"type":"Feature","properties":{"id":105319,"mag":4.39,"name":"θ Ind"},"geometry":{"type":"Point","coordinates":[-40.0334,-53.4494]}},{"type":"Feature","properties":{"id":105382,"mag":4.8,"name":"θ1 Mic"},"geometry":{"type":"Point","coordinates":[-39.8098,-40.8095]}},{"type":"Feature","properties":{"id":105515,"mag":4.28,"name":"ι Cap"},"geometry":{"type":"Point","coordinates":[-39.4383,-16.8345]}},{"type":"Feature","properties":{"id":105858,"mag":4.21,"name":"γ Pav"},"geometry":{"type":"Point","coordinates":[-38.3891,-65.3662]}},{"type":"Feature","properties":{"id":105881,"mag":3.77,"name":"Marakk"},"geometry":{"type":"Point","coordinates":[-38.3332,-22.4113]}},{"type":"Feature","properties":{"id":106032,"mag":3.23,"name":"Alphirk"},"geometry":{"type":"Point","coordinates":[-37.835,70.5607]}},{"type":"Feature","properties":{"id":106278,"mag":2.9,"name":"Sadalsuud"},"geometry":{"type":"Point","coordinates":[-37.1103,-5.5712]}},{"type":"Feature","properties":{"id":106985,"mag":3.69,"name":"Nashira"},"geometry":{"type":"Point","coordinates":[-34.9773,-16.6623]}},{"type":"Feature","properties":{"id":107089,"mag":3.73,"name":"ν Oct"},"geometry":{"type":"Point","coordinates":[-34.6306,-77.39]}},{"type":"Feature","properties":{"id":107259,"mag":4.23,"name":"Erakis"},"geometry":{"type":"Point","coordinates":[-34.1231,58.78]}},{"type":"Feature","properties":{"id":107315,"mag":2.38,"name":"Enif"},"geometry":{"type":"Point","coordinates":[-33.9535,9.875]}},{"type":"Feature","properties":{"id":107354,"mag":4.14,"name":"Jih"},"geometry":{"type":"Point","coordinates":[-33.8386,25.645]}},{"type":"Feature","properties":{"id":107380,"mag":4.35,"name":"ι PsA"},"geometry":{"type":"Point","coordinates":[-33.7633,-33.0258]}},{"type":"Feature","properties":{"id":107556,"mag":2.85,"name":"Deneb Algedi"},"geometry":{"type":"Point","coordinates":[-33.2398,-16.1273]}},{"type":"Feature","properties":{"id":107608,"mag":5.02,"name":"θ PsA"},"geometry":{"type":"Point","coordinates":[-33.066,-30.8983]}},{"type":"Feature","properties":{"id":108085,"mag":3,"name":"Aldhanab"},"geometry":{"type":"Point","coordinates":[-31.5178,-37.3649]}},{"type":"Feature","properties":{"id":108431,"mag":4.4,"name":"δ Ind"},"geometry":{"type":"Point","coordinates":[-30.5205,-54.9926]}},{"type":"Feature","properties":{"id":109074,"mag":2.95,"name":"Sadalmelek"},"geometry":{"type":"Point","coordinates":[-28.554,-0.3199]}},{"type":"Feature","properties":{"id":109111,"mag":4.47,"name":"λ Gru"},"geometry":{"type":"Point","coordinates":[-28.4713,-39.5434]}},{"type":"Feature","properties":{"id":109139,"mag":4.29,"name":"ι Aqr"},"geometry":{"type":"Point","coordinates":[-28.3907,-13.8697]}},{"type":"Feature","properties":{"id":109176,"mag":3.77,"name":"ι Peg"},"geometry":{"type":"Point","coordinates":[-28.2472,25.3451]}},{"type":"Feature","properties":{"id":109268,"mag":1.73,"name":"Alnair"},"geometry":{"type":"Point","coordinates":[-27.9417,-46.961]}},{"type":"Feature","properties":{"id":109285,"mag":4.5,"name":"μ PsA"},"geometry":{"type":"Point","coordinates":[-27.9041,-32.9885]}},{"type":"Feature","properties":{"id":109410,"mag":4.28,"name":"π Peg"},"geometry":{"type":"Point","coordinates":[-27.5031,33.1782]}},{"type":"Feature","properties":{"id":109427,"mag":3.52,"name":"Biham"},"geometry":{"type":"Point","coordinates":[-27.4501,6.1979]}},{"type":"Feature","properties":{"id":109492,"mag":3.39,"name":"Kurhah"},"geometry":{"type":"Point","coordinates":[-27.2863,58.2013]}},{"type":"Feature","properties":{"id":109754,"mag":4.5,"name":"HIP 109754"},"geometry":{"type":"Point","coordinates":[-26.5303,39.7149]}},{"type":"Feature","properties":{"id":109857,"mag":4.18,"name":"Phicares"},"geometry":{"type":"Point","coordinates":[-26.2409,57.0436]}},{"type":"Feature","properties":{"id":109908,"mag":4.79,"name":"μ1 Gru"},"geometry":{"type":"Point","coordinates":[-26.0962,-41.3467]}},{"type":"Feature","properties":{"id":109937,"mag":4.14,"name":"1 Lac"},"geometry":{"type":"Point","coordinates":[-26.0076,37.7487]}},{"type":"Feature","properties":{"id":110003,"mag":4.17,"name":"Ancha"},"geometry":{"type":"Point","coordinates":[-25.7915,-7.7833]}},{"type":"Feature","properties":{"id":110130,"mag":2.87,"name":"α Tuc"},"geometry":{"type":"Point","coordinates":[-25.3746,-60.2596]}},{"type":"Feature","properties":{"id":110351,"mag":4.55,"name":"2 Lac"},"geometry":{"type":"Point","coordinates":[-24.7436,46.5366]}},{"type":"Feature","properties":{"id":110395,"mag":3.86,"name":"Sadalachbia"},"geometry":{"type":"Point","coordinates":[-24.5859,-1.3873]}},{"type":"Feature","properties":{"id":110538,"mag":4.42,"name":"β Lac"},"geometry":{"type":"Point","coordinates":[-24.1099,52.229]}},{"type":"Feature","properties":{"id":110609,"mag":4.55,"name":"4 Lac"},"geometry":{"type":"Point","coordinates":[-23.8709,49.4764]}},{"type":"Feature","properties":{"id":110672,"mag":4.8,"name":"Seat"},"geometry":{"type":"Point","coordinates":[-23.6807,1.3774]}},{"type":"Feature","properties":{"id":110838,"mag":4.51,"name":"δ Tuc"},"geometry":{"type":"Point","coordinates":[-23.1668,-64.9664]}},{"type":"Feature","properties":{"id":110960,"mag":3.65,"name":"Sadaltager"},"geometry":{"type":"Point","coordinates":[-22.792,-0.02]}},{"type":"Feature","properties":{"id":110991,"mag":4.07,"name":"Alradif"},"geometry":{"type":"Point","coordinates":[-22.7072,58.4152]}},{"type":"Feature","properties":{"id":110997,"mag":3.97,"name":"δ1 Gru"},"geometry":{"type":"Point","coordinates":[-22.6826,-43.4956]}},{"type":"Feature","properties":{"id":111022,"mag":4.34,"name":"5 Lac"},"geometry":{"type":"Point","coordinates":[-22.6174,47.7069]}},{"type":"Feature","properties":{"id":111043,"mag":4.12,"name":"δ2 Gru"},"geometry":{"type":"Point","coordinates":[-22.5607,-43.7492]}},{"type":"Feature","properties":{"id":111104,"mag":4.52,"name":"6 Lac"},"geometry":{"type":"Point","coordinates":[-22.3781,43.1234]}},{"type":"Feature","properties":{"id":111169,"mag":3.76,"name":"α Lac"},"geometry":{"type":"Point","coordinates":[-22.1771,50.2825]}},{"type":"Feature","properties":{"id":111188,"mag":4.29,"name":"Tien Kang"},"geometry":{"type":"Point","coordinates":[-22.1236,-32.3461]}},{"type":"Feature","properties":{"id":111497,"mag":4.04,"name":"Hydria"},"geometry":{"type":"Point","coordinates":[-21.1609,-0.1175]}},{"type":"Feature","properties":{"id":111944,"mag":4.5,"name":"11 Lac"},"geometry":{"type":"Point","coordinates":[-19.8714,44.2763]}},{"type":"Feature","properties":{"id":111954,"mag":4.18,"name":"ε PsA"},"geometry":{"type":"Point","coordinates":[-19.8361,-27.0436]}},{"type":"Feature","properties":{"id":112029,"mag":3.41,"name":"Homam"},"geometry":{"type":"Point","coordinates":[-19.6345,10.8314]}},{"type":"Feature","properties":{"id":112122,"mag":2.07,"name":"Gruid"},"geometry":{"type":"Point","coordinates":[-19.3331,-46.8846]}},{"type":"Feature","properties":{"id":112158,"mag":2.93,"name":"Matar"},"geometry":{"type":"Point","coordinates":[-19.2494,30.2212]}},{"type":"Feature","properties":{"id":112405,"mag":4.13,"name":"β Oct"},"geometry":{"type":"Point","coordinates":[-18.4854,-81.3816]}},{"type":"Feature","properties":{"id":112440,"mag":3.97,"name":"Sadalbari"},"geometry":{"type":"Point","coordinates":[-18.3672,23.5657]}},{"type":"Feature","properties":{"id":112447,"mag":4.2,"name":"Suudalnujum"},"geometry":{"type":"Point","coordinates":[-18.3267,12.1729]}},{"type":"Feature","properties":{"id":112623,"mag":3.49,"name":"ε Gru"},"geometry":{"type":"Point","coordinates":[-17.8613,-51.3169]}},{"type":"Feature","properties":{"id":112724,"mag":3.5,"name":"Alvahet"},"geometry":{"type":"Point","coordinates":[-17.5799,66.2004]}},{"type":"Feature","properties":{"id":112748,"mag":3.51,"name":"Sadalbari"},"geometry":{"type":"Point","coordinates":[-17.4992,24.6016]}},{"type":"Feature","properties":{"id":112948,"mag":4.46,"name":"γ PsA"},"geometry":{"type":"Point","coordinates":[-16.8686,-32.8755]}},{"type":"Feature","properties":{"id":112961,"mag":3.73,"name":"Ekkhysis"},"geometry":{"type":"Point","coordinates":[-16.8464,-7.5796]}},{"type":"Feature","properties":{"id":113246,"mag":4.2,"name":"Aboras"},"geometry":{"type":"Point","coordinates":[-16.0129,-32.5396]}},{"type":"Feature","properties":{"id":113368,"mag":1.17,"name":"Fomalhaut"},"geometry":{"type":"Point","coordinates":[-15.5873,-29.6222]}},{"type":"Feature","properties":{"id":113638,"mag":4.11,"name":"ζ Gru"},"geometry":{"type":"Point","coordinates":[-14.78,-52.7541]}},{"type":"Feature","properties":{"id":113726,"mag":3.62,"name":"ο And"},"geometry":{"type":"Point","coordinates":[-14.5197,42.326]}},{"type":"Feature","properties":{"id":113881,"mag":2.44,"name":"Scheat"},"geometry":{"type":"Point","coordinates":[-14.0564,28.0828]}},{"type":"Feature","properties":{"id":113889,"mag":4.48,"name":"Fum Alsamakah"},"geometry":{"type":"Point","coordinates":[-14.0308,3.82]}},{"type":"Feature","properties":{"id":113963,"mag":2.49,"name":"Markab"},"geometry":{"type":"Point","coordinates":[-13.8098,15.2053]}},{"type":"Feature","properties":{"id":114341,"mag":3.68,"name":"c2 Aqr"},"geometry":{"type":"Point","coordinates":[-12.6383,-21.1724]}},{"type":"Feature","properties":{"id":114971,"mag":3.7,"name":"Simmah"},"geometry":{"type":"Point","coordinates":[-10.7086,3.2823]}},{"type":"Feature","properties":{"id":114996,"mag":3.99,"name":"γ Tuc"},"geometry":{"type":"Point","coordinates":[-10.6426,-58.2357]}},{"type":"Feature","properties":{"id":115033,"mag":4.41,"name":"ψ2 Aqr"},"geometry":{"type":"Point","coordinates":[-10.5241,-9.1825]}},{"type":"Feature","properties":{"id":115102,"mag":4.41,"name":"γ Scl"},"geometry":{"type":"Point","coordinates":[-10.294,-32.532]}},{"type":"Feature","properties":{"id":115227,"mag":5.05,"name":"b Psc"},"geometry":{"type":"Point","coordinates":[-9.9142,5.3813]}},{"type":"Feature","properties":{"id":115438,"mag":3.96,"name":"b1 Aqr"},"geometry":{"type":"Point","coordinates":[-9.2574,-20.1006]}},{"type":"Feature","properties":{"id":115738,"mag":4.95,"name":"κ Psc"},"geometry":{"type":"Point","coordinates":[-8.2669,1.2556]}},{"type":"Feature","properties":{"id":115830,"mag":4.27,"name":"θ Psc"},"geometry":{"type":"Point","coordinates":[-8.0079,6.379]}},{"type":"Feature","properties":{"id":116231,"mag":4.38,"name":"β Scl"},"geometry":{"type":"Point","coordinates":[-6.7573,-37.8183]}},{"type":"Feature","properties":{"id":116584,"mag":3.81,"name":"λ And"},"geometry":{"type":"Point","coordinates":[-5.609,46.4582]}},{"type":"Feature","properties":{"id":116631,"mag":4.29,"name":"ι And"},"geometry":{"type":"Point","coordinates":[-5.4658,43.2681]}},{"type":"Feature","properties":{"id":116727,"mag":3.21,"name":"Alrai"},"geometry":{"type":"Point","coordinates":[-5.1631,77.6323]}},{"type":"Feature","properties":{"id":116771,"mag":4.13,"name":"ι Psc"},"geometry":{"type":"Point","coordinates":[-5.0123,5.6263]}},{"type":"Feature","properties":{"id":116805,"mag":4.15,"name":"κ And"},"geometry":{"type":"Point","coordinates":[-4.8979,44.3339]}},{"type":"Feature","properties":{"id":116901,"mag":4.82,"name":"A2 Aqr"},"geometry":{"type":"Point","coordinates":[-4.5591,-17.8165]}},{"type":"Feature","properties":{"id":116928,"mag":4.49,"name":"λ Psc"},"geometry":{"type":"Point","coordinates":[-4.4883,1.78]}},{"type":"Feature","properties":{"id":117221,"mag":4.97,"name":"ψ And"},"geometry":{"type":"Point","coordinates":[-3.4915,46.4203]}},{"type":"Feature","properties":{"id":117245,"mag":4.95,"name":"19 Psc"},"geometry":{"type":"Point","coordinates":[-3.402,3.4868]}},{"type":"Feature","properties":{"id":117452,"mag":4.59,"name":"δ Scl"},"geometry":{"type":"Point","coordinates":[-2.7686,-28.1303]}},{"type":"Feature","properties":{"id":118268,"mag":4.03,"name":"Vernalis"},"geometry":{"type":"Point","coordinates":[-0.1721,6.8633]}},{"type":"Feature","properties":{"id":118322,"mag":4.49,"name":"ε Tuc"},"geometry":{"type":"Point","coordinates":[-0.0209,-65.5771]}}]}
